DocID,Type,Poster,Topics,Area,Fiscal-Year,Published,Target,Author,Title,Series,Journal-Title,Volume-Issue,Pages,Copyright,Publisher,ISBN-ISSN,Language,Begins,Related-Website,Tags,Region-Country,Updated-date,URL
13937,"Peer-reviewed Article","Brian Johnson","Forests, Mitigation","Adaptation & Water",2024,"November 2024",,"Author(s): Brian JOHNSON, Chisa  UMEMIYA, Takeo Tadono, Mariko Harada, Osamu Ochiai, Ko Hamamoto","Extracting above-ground biomass in areas corresponding to FAO’s definition of “Forest” using open geospatial data: Results for ASEAN",,"ISPRS Annals of the Photogrammetry, Remote Sensing and Spatial Information Sciences",X-5,89-94,"Creative Commons Attribution 4.0 (CC-BY)","International Society for Photogrammetry and Remote Sensing",,English,"In this study, we extracted above-ground biomass (AGB) information for forests in different",https://isprs-annals.copernicus.org/articles/X-5-2024/89/2024/,,"South-Eastern Asia","11/12/2024 - 21:41",https://www.iges.or.jp/en/pub/agb-faoforest/en
13808,"Peer-reviewed Article","Brian Johnson","Adaptation, Resilient Livelihoods","Adaptation & Water",2024,"August 2024",,"Author(s): Deosheng Chen, Weiwei Sun, Jingchao Shi, Brian JOHNSON, Mou Leong Tan, Qinqin Pan, Weiqiang Li, Xiaodong Yang, Fei Zhang","Utilizing GaoFen-2 derived urban green space information to predict local surface temperature",,"Urban Forestry & Urban Greening",99,128463,"Elsevier B.V.","Elsevier B.V.",,English,"Urban green spaces (UGS) significantly influence the distribution of surface heat and play a",https://www.sciencedirect.com/science/article/pii/S1618866724002619?dgcid=coaut…,,China,"08/02/2024 - 11:51",https://www.iges.or.jp/en/pub/ugi-temperature/en
13792,"Peer-reviewed Article","Naoyuki Okano",,"Adaptation & Water",2024,"July 2024",,"Author(s): Osamu MIZUNO, Naoyuki OKANO","Reconsidering National Adaptation Plans (NAPs) as a Policy Framework under the UNFCCC",,"Climate Policy",,,Authors,,,English,"Under the UNFCCC, the National Adaptation Plan (NAP) plays a central role as a policy framework",https://www.tandfonline.com/doi/full/10.1080/14693062.2024.2378194?scroll=top&n…,,,"07/20/2024 - 21:18",https://www.iges.or.jp/en/pub/reconsidering-national-adaptation-plans-naps-policy-framework-under-unfccc/en
13784,"Peer-reviewed Article","Brian Johnson","Biodiversity, Mitigation, Forests, Water","Adaptation & Water",2024,"July 2024",,"Author(s): Brian JOHNSON, Yosuke ARINO, Damasa B. Magcale-Macandog, Xianbing LIU, Makino YAMANOSHITA","Potential of agrivoltaics in ASEAN considering a scenario where agroforestry expansion is also pursued",,"Resources, Conservation and Recycling",209,107808,"Creative Commons license","Elsevier B.V.",,English,"Integration of solar photovoltaics on croplands (“agrivoltaics”) has been promoted as an",https://www.sciencedirect.com/science/article/pii/S0921344924004026,,"South-Eastern Asia","08/01/2024 - 15:08",https://www.iges.or.jp/en/pub/agrivoltaics-asean/en
13774,"Data or Tool","Brian Johnson","Biodiversity, Mitigation, Adaptation","Adaptation & Water",2024,"July 2024",,"Author(s): Brian JOHNSON","Maps of the geographic potential of agrivoltaics on herbaceous croplands in ASEAN",,,,,"Creative Commons Attribution 4.0 (CC-BY)","Institute for Global Environmental Strategies",,English,"This dataset contains supplementary materials for a journal article entitled ""Potential of",https://drive.google.com/drive/folders/1z1rQLEz9HHwbrHjv8avxhOyahUxMZE6V?usp=sh…,,Asia,"07/08/2024 - 12:23",https://www.iges.or.jp/en/pub/maps-agrivoltaics/en
13755,"Conference Proceeding","Yosuke Arino","Mitigation, Adaptation, Energy Systems, Co-Benefits","Strategic Management Office, Adaptation & Water, Climate and Energy",2024,"July 2024",,"Author(s): Damasa Magcale-Macandog, Jeoffrey Laruya, Brian JOHNSON, Naoyuki OKANO, Yosuke ARINO","Solar Photovoltaic (PV) Diffusion and Synergies with Resilience and Adaptation: Workshop Proceedings",,"Workshop on Solar Photovoltaic (PV) Diffusion and Synergies with Resilience and Adaptation","27-28 February 2024","72 pages","Institute for Global Environmental Strategies",,,English,"In a transition to a net-zero world, large-scale solar PV diffusion is essential in the",https://www.iges.or.jp/en/pub/toward-developing-guidance-national-long-term-roa…,,"Asia, Philippines","07/04/2024 - 15:54",https://www.iges.or.jp/en/pub/solar-photovoltaic-pv-diffusion-and-synergies-resilience-and-adaptation-workshop-proceedings/en
13739,"Peer-reviewed Article","Yasuo  Takahashi",Biodiversity,"Biodiversity & Forests, Adaptation & Water",2023,"April 2024",,"Author(s): Shizuka Hashimoto, Rajarshi DASGUPTA, Osamu SAITO, Brian JOHNSON, Yasuo  TAKAHASHI, Pankaj KUMAR, Takehito Yoshida, Wanhui Huang, Vinod Mathur, Goutam Talukdar, Sonali Ghosh, Anukul Nath, Chitiz Joshi, Paras Pujari, Shalini Dhyani, Rakesh Kadaverugu, Lipei Peng, Damasa Macandog, Apolosa Robaigau","Plausible alternative future of mangroves and their ecosystem services: Case studies from Asia-Pacific region",,"APN Science Bulletin",14(1),17-27,Authors,"Asia-Pacific Network for Global Change Research",,English,"Over the past few decades, scenario analysis emerged as a useful tool for environmental decision",https://www.apn-gcr.org/bulletin/article/plausible-alternative-future-of-mangro…,,Asia,"06/27/2024 - 09:54",https://www.iges.or.jp/en/pub/apn-mangrove/en
13701,"Peer-reviewed Article","Brian Johnson","Ecosystems, Sustainable Cities and Transport","Adaptation & Water",2024,"May 2024",,"Author(s): Ruikun Wang, Lei Ma, Guangjun He, Brian JOHNSON, Ziyun Yan, Ming Chang, Ying Liang","Transformers for Remote Sensing: A Systematic Review and Analysis",,Sensors,"24 (11)",3495,"Creative Commons Attribution 4.0 (CC-BY)",MDPI,,English,"Research on transformers in remote sensing (RS), which started to increase after 2021, is facing",https://www.mdpi.com/1424-8220/24/11/3495,,,"05/30/2024 - 10:37",https://www.iges.or.jp/en/pub/transformers-rs/en
13683,"Peer-reviewed Article","Pankaj Kumar",Water,"Adaptation & Water",2023,"May 2024",,"Author(s): Weiwei  Wang, Xingwen  Lin, Brian JOHNSON, Jingchao  Shi, Pankaj KUMAR, Mou Leong  Tan, Guang  Gao, Xuemin  Min, Guanghui  Hu, Fei  Zhang","Remote sensing estimation of water storage in the channel-type reservoirs under unknown underwater topographic data",,"International Journal of Applied Earth Observation and Geoinformation",130,,Elsevier,,,English,"Dynamic monitoring of reservoir water storage in arid areas is important for water resources",,,China,"05/27/2024 - 11:09",https://www.iges.or.jp/en/pub/water-sdg-china/en-0
13646,"Conference Proceeding","Yosuke Arino","Adaptation, Co-Benefits, Mitigation, International Climate Regime","Strategic Management Office, Climate and Energy, Adaptation & Water, Regional Centre in Bangkok",2023,"April 2024",,"Author(s): Yosuke ARINO, Temuulen MURUN","Accelerating International Collaboration towards a Net-zero and Resilient ASEAN through the ASEAN Climate Change Strategic Action Plan 2025-2030",,,,,"Institute for Global Environmental Strategies",,,English,"On 8 December 2023, the COP28 Japan Pavilion side event “Accelerating International","https://www.iges.or.jp/en/events/20231208, https://www.iges.or.jp/en/events/20221112",,"Asia, South-Eastern Asia","04/23/2024 - 13:09",https://www.iges.or.jp/en/pub/cop28-accsap/en
13600,"Commissioned Report","Kei Kurushima",,"Adaptation & Water, Regional Centre in Bangkok",2023,"March 2024",,"Author(s): Kei KURUSHIMA, Nagisa SHIIBA, Naoyuki OKANO, Pimvadee (Bern) KEAOKIRIYA, Bijon Kumer  MITRA, Goro TAMARU, Brian JOHNSON, Pankaj KUMAR",令和5年度　AP-PLATを通じた国際支援業務報告書,,,,,"Institute for Global Environmental Strategies, Ministry of the Environment Japan",,,Japanese,"This publication explains the works that have been conducted under the commission work of MOEJ",,,,"04/18/2024 - 11:23",https://www.iges.or.jp/jp/pub/ryo-wa-5-nendo-ap-plat-o-tsuji-ta-kokusai-shien-gyomu-hokoku-sho/ja
13577,"Commissioned Report","Chisa  Umemiya","International Climate Regime, Forests","Climate and Energy, Adaptation & Water, Sustainable Consumption and Production",2023,"March 2024",,"Author(s): Chisa  UMEMIYA, Akibi TSUKUI, Brian JOHNSON, Miho HAYASHI, Takako ONO, Kiyoto TANABE","2023 年度第1 回グローバル・ストックテイク等の国際環境政策へ の衛星データ活用促進に向けた調査・支援",,,,,"Japan Aerospace Exploration Agency",,,Japanese,本業務では、国立研究開発法人宇宙航空研究開発機構（JAXA）が有する衛星技術・製品・知見の第１回グローバル・ストックテイク等の国際環境政策への活用促進に向けた調査や支援を実施することを目的とし,,,,"04/20/2024 - 14:30",https://www.iges.or.jp/jp/pub/jaxa2023/ja
13544,"Peer-reviewed Article","Yasuo  Takahashi",Biodiversity,"Biodiversity & Forests",2023,"January 2024",,"Author(s): Yasuo  TAKAHASHI, Takahiro Yoshida, Sawako Shigeto, Hiroyuki Kubota, Brian JOHNSON, Yoshiki Yamagata","Spatial exploration of rural capital contributing to quality of life and urban-to-rural migration decisions: a case study of Hokuto City, Japan",,"Sustainability Science",19,489-506,Authors,Springer,,English,"Globally, urbanization constitutes one of the major underlying drivers of global ecological",https://link.springer.com/article/10.1007/s11625-023-01427-9,,Japan,"04/12/2024 - 11:27",https://www.iges.or.jp/en/pub/naturalcapital-and-urban-rural-migration/en
13317,"Peer-reviewed Article","Brian Johnson","Resilient Livelihoods","Adaptation & Water",2023,"December 2023",,"Author(s): Haowei Xu, Fei Zhang, Weipeng Li, Jingchao Shi, Brian JOHNSON, Mou Leong Tan","Spatial‑temporal pattern of change in production‑living-ecological space of Nanchong City from 2000 to 2020 and underlying factors",,"Environmental Monitoring and Assessment",196,94,"The Author(s), under exclusive license to Springer Nature Singapore Pte Ltd. 2023","Springer Nature",,English,"This study analyzed the spatial-temporal change pattern and underlying factors in production-",https://link.springer.com/article/10.1007/s10661-023-12249-8,,China,"01/08/2024 - 01:48",https://www.iges.or.jp/en/pub/plespace/en
13195,"Peer-reviewed Article","Pankaj Kumar",Adaptation,"Adaptation & Water",2023,"November 2023",,"Author(s): Mengru  Zhang, Fei  Zhang, Liyang  Guo, Ping  Dong, Chunyan  Cheng, Pankaj KUMAR, Brian JOHNSON, Ngai  Weng Chan, Jingchao  Shi","Contributions of climate change and human activities to grassland degradation and improvement from 2001 to 2020 in Zhaosu County, China",,"Journal of Environmental Management",,,Elsevier,,,English,"Grassland degradation poses a serious threat to biodiversity, ecosystem services, and human well",,,China,"11/06/2023 - 10:47",https://www.iges.or.jp/en/pub/climate-land-sdg-china/en
13119,"Peer-reviewed Article","Pankaj Kumar","Resilient Livelihoods","Adaptation & Water",2023,"September 2023",,"Author(s): Mukta  Sharma, Ritambhara K.  Upadhyay, Gaurav  Tripathi, Naval  Kishore, Achala  Shakya, Gowhar  Meraj, Shruti  Kanga, Suraj Kumar  Singh, Pankaj KUMAR, Brian JOHNSON, Som Nath  Thakur","Assessing Landslide Susceptibility along India’s National Highway 58: A Comprehensive Approach Integrating Remote Sensing, GIS, and Logistic Regression Analysis",,Conservation,,,MDPI,,,English,"The NH 58 area in India has been experiencing an increase in landslide occurrences, posing",,,India,"09/12/2023 - 01:48",https://www.iges.or.jp/en/pub/land-sdg-india/en-3
13092,"Peer-reviewed Article","Brian Johnson","Forests, Biodiversity, Mitigation","Adaptation & Water",2023,"August 2023",,"Author(s): Brian JOHNSON, Chisa  UMEMIYA, Damasa B. Magcale-Macandog, Ronald C. Estoque, Masato Hayashi, Takeo Tadono","Better monitoring of forests according to FAO’s definitions through map integration: Significance and limitations in the context of global environmental goals",,"International Journal of Applied Earth Observation and Geoinformation",122,103452,"Creative Commons Attribution 4.0 (CC-BY)","Elsevier B.V.",,English,"National monitoring of forests is essential for tracking progress towards various global",https://www.sciencedirect.com/science/article/pii/S1569843223002765,,Philippines,"08/14/2023 - 10:52",https://www.iges.or.jp/en/pub/better-monitoring-forests-atcording-fao-s-definitions-through-map-integration-significance-and
13088,"Data or Tool","Brian Johnson","Forests, Resilient Livelihoods","Adaptation & Water",2023,"August 2023",,"Author(s): Brian JOHNSON","Maps of forest and other land with tree cover in the Philippines, 2020",,,,,"Creative Commons Attribution 4.0 (CC-BY)","Institute for Global Environmental Strategies",,English,"This dataset contains maps of forests and other land with tree cover in the Philippines as of",https://drive.google.com/drive/folders/1dPdRbmPjTRJKtOuOa5s2lMXvIEcfhw-z?usp=sh…,,Philippines,"08/14/2023 - 08:42",https://www.iges.or.jp/en/pub/forest-map-ph2020/en
13084,"Peer-reviewed Article","Pankaj Kumar",Water,"Adaptation & Water",2023,"August 2023",,"Author(s): Shamik  Chakraborty, Takumi Yamamori, Jie  Su, Brian JOHNSON, Pankaj KUMAR, Yukiko Ashikaga, Alexandros  Gasparatos","Systematizing ecosystem change in coastal social-ecological systems: Perspectives from a multi-stakeholder approach in Nakatsu mudflat, Japan",,"Ocean and Coastal Management",,,Elsevier,,,English,"Coastal social-ecological systems (SES) are essential for the wellbeing of coastal communities",,,Japan,"08/18/2023 - 10:07",https://www.iges.or.jp/en/pub/coast-sdg-japan/en
13082,"Peer-reviewed Article","Pankaj Kumar",Water,"Adaptation & Water",2023,"August 2023",,"Author(s): Chunyan Chen, Fei Zhang, Xingyou Li, Mou Leong Tan, Pankaj KUMAR, Brian JOHNSON, Jingchao Shi, Qi Zhao, Chanjiang Liu","Variations in water storage of Bosten Lake, China, over the last two decades based on multi-source satellite data",,"Journal of Hydrology: Regional Studies",,,Elsevier,,,English,"Study region: Bosten Lake (Xinjiang, China).
Study focus: This paper mainly focuses on",,,China,"08/04/2023 - 13:08",https://www.iges.or.jp/en/pub/water-sdg-china/en
13069,"Conference Proceeding","Yosuke Arino","Adaptation, Co-Benefits, Energy Systems, Mitigation","Strategic Management Office, Climate and Energy, Adaptation & Water, Biodiversity & Forests, Regional Centre in Bangkok",2023,"July 2023",,"Author(s): Yosuke ARINO, Xianbing LIU, Osamu MIZUNO, Binaya Raj  SHIVAKOTI, Temuulen MURUN, Suriwassa Thanyanattawit, Rizaldi Boer, Damasa Magcale-Macandog, Bundit Limmeechokchai, Toshihiko Masui, Tomoko  ISHIKAWA, Slavka Sakata, Hajime TAKIZAWA, Yukimi Shimura, Naoyuki OKANO, Jeoffrey Laruya, Ayako Takao, Mohd Noor  Musa, Sivapuram Ventaka Rama Krishna PRABHAKAR, Zhen JIN, Makino YAMANOSHITA","Toward Developing the Guidance on National Long-term Roadmap to Synergise Mitigation and Adaptation in ASEAN Countries: Workshop Proceedings",,,,"82 pages","Institute for Global Environmental Strategies",,,English,"Since the 26th Conference of Parties (COP26) of the United Nations Framework Convention on",,,,"08/15/2023 - 17:20",https://www.iges.or.jp/en/pub/toward-developing-guidance-national-long-term-roadmap-synergise-mitigation-and-adaptation-asean
12934,"Peer-reviewed Article","Pankaj Kumar",Water,"Adaptation & Water",2023,"May 2023",,"Author(s): Saurabh  Singh, Gowhar  Meraj, Pankaj KUMAR, Suraj Kumar  Singh, Shruti  Kanga, Brian JOHNSON, Deepak Kumar  Prajapat, Jatan  Debnath, Dhrubajyoti  Sahariah","Decoding Chambal River Shoreline Transformations: A Comprehensive Analysis Using Remote Sensing, GIS, and DSAS",,Water,,,MDPI,,,English,"Illegal sand mining has been identified as a significant cause of harm to riverbanks, as it",,,India,"05/11/2023 - 14:12",https://www.iges.or.jp/en/pub/water-sdg-india/en-16
12878,"Commissioned Report","Chisa  Umemiya","International Climate Regime, Forests, Biodiversity","Climate and Energy, Adaptation & Water, Strategic Management Office",2022,"March 2023",,"Author(s): Chisa  UMEMIYA, Akibi TSUKUI, Brian JOHNSON, Yuri KATSUIKE","2022 年度第1 回グローバル・ストックテイク等の国際環境政策への 衛星データ活用促進に向けた調査・支援",,,,,"Japan Aerospace Exploration Agency",,,Japanese,"本業務では、国立研究開発法人宇宙航空研究開発機構（JAXA）が有する衛星技術・製品・知見の
第１回グローバル・",,,,"05/19/2023 - 09:26",https://www.iges.or.jp/jp/pub/satellite-gst/ja
12721,"Peer-reviewed Article","Brian Johnson","Adaptation, Resilient Livelihoods, Sustainable Cities and Transport","Adaptation & Water",2022,"April 2023",,"Author(s): Lei Ma, Guoan Huang, Brian JOHNSON, Zhenjie Chen, Manchun Li, Ziyun Yan, Wenfeng Zhan, Heng Lu, Weqiang He, Dongjie Lan","Investigating urban heat-related health risks based on local climate zones: A case study of Changzhou in China",,"Sustainable Cities and Society",91,104402,"Elsevier Ltd.","Elsevier Ltd.",,English,"Assessing heat-related health risks is important for sustainable urban development. Although",https://authors.elsevier.com/c/1ga-t7sfVZAET8,,China,"04/10/2024 - 16:12",https://www.iges.or.jp/en/pub/lcz-healthrisks/en
12614,"Peer-reviewed Article","Brian Johnson","Adaptation, Resilient Livelihoods","Adaptation & Water",2022,"December 2022","Academic / research communities","Author(s): Peiyi Yin, Xuecao Li, Jiafu Mao, Brian JOHNSON, Bingyu Wang, Jianxi Huang","A comprehensive analysis of the crop effect on the urban-rural differences in land surface phenology",,"Science of The Total Environment",,,"Elsevier B.V.","Elsevier B.V.",,English,"The response of land surface phenology (LSP) to the urban heat island effect (UHI) is a useful",https://www.sciencedirect.com/science/article/pii/S0048969722077075?dgcid=coaut…,,"United States of America","12/06/2022 - 11:25",https://www.iges.or.jp/en/pub/lsp-crop-effect/en
12581,"Peer-reviewed Article","Brian Johnson","Adaptation, Forests, Resilient Livelihoods","Adaptation & Water",2022,"November 2022","Policymakers, Academic / research communities","Author(s): Brian JOHNSON, Pankaj KUMAR, Naoyuki OKANO, Rajarshi DASGUPTA, Binaya Raj  SHIVAKOTI","Nature-based solutions for climate change adaptation: A systematic review of systematic reviews",,"Nature-Based Solutions",2,100042,"This work is licensed under a Creative Commons Attribution-NonCommercial-ShareAlike 4.0","Elsevier B.V.",,English,"More than 90 systematic reviews have been conducted on the topic of nature-based solutions for",https://www.sciencedirect.com/science/article/pii/S2772411522000349,,Worldwide,"11/30/2022 - 12:56",https://www.iges.or.jp/en/pub/nbs-review/en
12568,"Peer-reviewed Article","Brian Johnson","Adaptation, Resilient Livelihoods","Adaptation & Water",2022,"November 2022","Academic / research communities","Author(s): Kamran Ali, Brian JOHNSON","Land-Use and Land-Cover Classification in Semi-Arid Areas from Medium-Resolution Remote-Sensing Imagery: A Deep Learning Approach",,Sensors,"22 (22)",8750,"Creative Commons Attribution 4.0 (CC-BY)",MDPIAG,,English,"Detailed Land-Use and Land-Cover (LULC) information is of pivotal importance in, e.g., urban/",https://www.mdpi.com/1424-8220/22/22/8750,,Pakistan,"11/15/2022 - 14:28",https://www.iges.or.jp/en/pub/deep-learning-arid/en
12511,"Peer-reviewed Article","Brian Johnson",,"Adaptation & Water",2022,"October 2022","Academic / research communities","Author(s): Kamran Ganji, Saeid Gharachelou, Ahmad Ahmadi, Brian JOHNSON","Riverine flood vulnerability assessment and zoning using geospatial data and MCDA method in Aq’Qala",,"International Journal of Disaster Risk Reduction",82,103345,"Elsevier B.V.","Elsevier B.V.",,English,"Aq’Qala county has been categorized as a high flood-prone area in Iran, and faced many major",,,"Iran (Islamic Republic of)","10/31/2022 - 10:12",https://www.iges.or.jp/en/pub/river-flood-assessment/en
12471,"Peer-reviewed Article","Brian Johnson","Resilient Livelihoods, Adaptation","Adaptation & Water",2022,"September 2022","Academic / research communities","Author(s): Lin Gao, Roshanak Darvishzadeh, Ben Somers, Brian JOHNSON, Yu Wang, Jochem Verrelst, Xiaofei Wang, Clement Atzberger","Hyperspectral response of agronomic variables to background optical variability: Results of a numerical experiment",,"Agricultural and Forest Meteorology",326,109178,"Elsevier B.V.","Elsevier B.V.",,English,"Understanding how biophysical and biochemical variables contribute to the spectral",https://www.sciencedirect.com/science/article/abs/pii/S0168192322003653,,Worldwide,"10/20/2022 - 18:22",https://www.iges.or.jp/en/pub/agronomic-variables/en
12460,"Peer-reviewed Article","Brian Johnson","Adaptation, Water, Resilient Livelihoods","Adaptation & Water",2022,"September 2022","Academic / research communities","Author(s): Fatemeh Rafiei, Saied Gharachelou, Saeed Golian, Brian JOHNSON","Aquifer and Land Subsidence Interaction Assessment Using Sentinel-1 Data and DInSAR Technique",,"ISPRS International Journal of Geo-Information","11 (9)",495,"Creative Commons Attribution 4.0 (CC-BY)","MDPI AG",,English,"Climate change and overpopulation have led to an increase in water demands worldwide. As a",https://www.mdpi.com/2220-9964/11/9/495,,"Iran (Islamic Republic of)","10/20/2022 - 18:22",https://www.iges.or.jp/en/pub/land-subsidence-sar/en
12459,"Peer-reviewed Article","Pankaj Kumar","Governance and Civil Society","Adaptation & Water",2022,"September 2022","Policymakers, Academic / research communities","Author(s): Ajay Kumar  Taloor, Anil Kumar  Singh, Pankaj KUMAR, Amit  Kumar, Jayant Nath  Tripathi, Maya  Kumari, Bahadur Singh  Kotlia, Girish Ch  Kothyari, Surya Prakash  Tiwari, Brian JOHNSON","Geospatial Technology-Based Analysis of Air Quality in India during the COVID-19 Pandemic",,"Remote Sensing",,,MDPI,,,English,"The study evaluates the impacts of India’s COVID-19 lockdown and unlocking periods on
the",,,India,"10/20/2022 - 18:22",https://www.iges.or.jp/en/pub/air-covid19-india/en
12431,"Peer-reviewed Article","Pankaj Kumar",Adaptation,"Adaptation & Water",2022,"August 2022","Policymakers, Academic / research communities","Author(s): Shruti  Kanga, Gowhar  Meraj, Brian JOHNSON, Suraj Kumar  Singh, Muhammed  Naseef PV, Majid  Farooq, Pankaj KUMAR, Asif  Marazi, Netrananda  Sahu","Understanding the Linkage between Urban Growth and Land Surface Temperature—A Case Study of Bangalore City, India",,"Remote Sensing",,,MDPI,,,English,"Planning for a sustainable future involves understanding the past and present problems",,,India,"10/20/2022 - 18:22",https://www.iges.or.jp/en/pub/land-sdg-india/en
12399,"Peer-reviewed Article","Brian Johnson","Forests, Mitigation, Biodiversity","Integrated Sustainability Centre, Adaptation & Water",2022,"August 2022","Academic / research communities","Author(s): Ronald Estoque, Rajarshi DASGUPTA, Karina Winkler, Valerio Avitabile, Brian JOHNSON, Soe Myint, Yan Gao, Makoto Ooba, Yuji Murayama, Rodel Lasco","Spatiotemporal pattern of global forest change over the past 60 years and the forest transition theory",,"Environmental Research Letters",17,084022,"Creative Commons Attribution 4.0 (CC-BY)","IOP Publishing",,English,"Forest ecosystems play an indispensable role in addressing various pressing sustainability and",https://iopscience.iop.org/article/10.1088/1748-9326/ac7df5,,Worldwide,"10/20/2022 - 18:22",https://www.iges.or.jp/en/pub/60years-forest-change/en
12383,"Peer-reviewed Article","Brian Johnson","Adaptation, Resilient Livelihoods","Adaptation & Water",2022,"July 2022","Academic / research communities","Author(s): Liang Zhou, Lei Ma, Brian JOHNSON, Ziyun Yan, Feixue Li, Manchun Li","Patch-Based Local Climate Zones Mapping and Population Distribution Pattern in Provincial Capital Cities of China",,"ISPRS International Journal of Geo-Information","11 (8)",420,"Creative Commons Attribution 4.0 (CC-BY)",MDPI,,English,"Accurate urban morphology provided by Local Climate Zones (LCZ), a universal surface",https://www.mdpi.com/2220-9964/11/8/420,,China,"10/20/2022 - 18:22",https://www.iges.or.jp/en/pub/china-lcz-mapping/en
12343,"Peer-reviewed Article","Brian Johnson","Forests, Adaptation, Mitigation, Biodiversity","Adaptation & Water",2022,"July 2022","Academic / research communities","Author(s): Ronald Estoque, Brian JOHNSON, Rajarshi DASGUPTA, Yan Gao, Toshiya Matsuura, Takeshi Toma, Yasumata Hirata, Rodel Lasco","Rethinking forest monitoring for more meaningful global forest landscape change assessments",,"Journal of Environmental Management",317,115478,"Elsevier B.V.","Elsevier B.V.",,English,,https://www.sciencedirect.com/science/article/pii/S0301479722010519,,Worldwide,"10/20/2022 - 18:22",https://www.iges.or.jp/en/pub/forest-monitoring-fao/en
12336,"Peer-reviewed Article","Pankaj Kumar","Resilient Livelihoods","Adaptation & Water",2022,"June 2022","Policymakers, Academic / research communities","Author(s): Gowhar  Meraj, Shruti  Kanga, Abhijeet  Ambadkar, Pankaj KUMAR, Suraj Kumar  Singh, Majid  Farooq, Brian JOHNSON, Akshay  Rai, Netrananda Sahu","Assessing the Yield of Wheat Using Satellite Remote Sensing-Based Machine Learning Algorithms and Simulation Modeling",,"Remote Sensing",,,MDPI,,,English,"Globally, estimating crop acreage and yield is one of the most critical issues that policy and",,,India,"10/20/2022 - 18:22",https://www.iges.or.jp/en/pub/food-sdg-india/en
12202,"Training or Learning Material","Akane Matsuo",Adaptation,"Adaptation & Water",2021,"November 2021",Policymakers,"Author(s): Yuki OHASHI, Naoyuki OKANO, Nagisa SHIIBA, Akane MATSUO, Brian JOHNSON
Editor(s): Luis Patron","Nature-based Solutions for the local communities",,,,,"Ministry of the Environment Japan","Ministry of the Environment Japan, Institute for Global Environmental Strategies",,English,"This short course on Nature-based Solutions (NbS) is designed to help local officers in",https://ap-plat.nies.go.jp/adaptation_literacy/resources/e_learning/index.html,,Worldwide,"10/20/2022 - 18:22",https://www.iges.or.jp/en/pub/nbs-e-learning21/en
12200,"Training or Learning Material","Akane Matsuo","Adaptation, Co-Benefits","Adaptation & Water",2021,"November 2021",Policymakers,"Author(s): Nagisa SHIIBA, Naoyuki OKANO, Akane MATSUO, Yuki OHASHI, Brian JOHNSON, Pankaj KUMAR, Binaya Raj  SHIVAKOTI, Sivapuram Ventaka Rama Krishna PRABHAKAR, Rajarshi DASGUPTA","INAS: Inspired by Nature-based Actions and Solutions",,,,,"Ministry of the Environment Japan","Ministry of the Environment Japan, Institute for Global Environmental Strategies",,English,"INAS showcases Nature-based Solutions (NbS) for policymakers, practitioners, and local",https://ap-plat.nies.go.jp/inas/,,Worldwide,"10/20/2022 - 18:22",https://www.iges.or.jp/en/pub/inas/en
12180,"Commissioned Report","Nagisa Shiiba",Adaptation,"Adaptation & Water",2021,"April 2022","Academic / research communities","Author(s): Nagisa SHIIBA, Naoyuki OKANO, Brian JOHNSON, Chatthep (Ping) CHANYAM, Sivapuram Ventaka Rama Krishna PRABHAKAR, Pankaj KUMAR, Koji MIWA, Akane MATSUO","Commission Report on Climate Change Adaptation in Oceans  and Coastal Areas",,,,,"Ocean Policy Research Insittute (OPRI)",,,English,,,,Worldwide,"10/20/2022 - 18:22",https://www.iges.or.jp/en/pub/oceanadaptation/en
12177,"Commissioned Report","Naoyuki Okano","Adaptation, Biodiversity","Adaptation & Water",2020,"March 2022",Policymakers,"Author(s): Yuki OHASHI, Brian JOHNSON, Pankaj KUMAR, Rajarshi DASGUPTA, Akane MATSUO, Nagisa SHIIBA, Naoyuki OKANO, Peter  KING, Osamu MIZUNO",令和３年度フィリピンにおける河川流域と沿岸域での適応事業化支援業務報告書,,,,,"Ministry of the Environment Japan",,,Japanese,本業務報告書は、令和３年度フィリピンにおける河川流域と沿岸域での適応事業化支援業務の成果を報告するものである。本業務は、自然を基盤とした解決策の知見整理業務、,,,,"10/20/2022 - 18:22",https://www.iges.or.jp/jp/pub/moej-nbs-fy2021/ja
12160,"Book Chapter","Sivapuram Ventaka Rama Krishna Prabhakar",Adaptation,"Adaptation & Water",2021,"February 2022","Policymakers, Academic / research communities","Author(s): R. Shaw, Y. Luo, T. Sung Cheong, S. A. Halim, S. Chaturvedi, M. Hashizume, G. E. Insarov, Y. Ishikawa, M. Jafari, A. Kitoh, J. Pulhin, Rajarshi DASGUPTA, Brian JOHNSON, Pankaj KUMAR, Bijon Kumer  MITRA, Sivapuram Ventaka Rama Krishna PRABHAKAR, et al.","Chapter 10: Asia","IPCC Assessment Report","Climate Change 2022: Impacts, Adaptation and Vulnerability",10,3-111,"The Intergovernmental Pannel on Climate Change (IPCC)","The Intergovernmental Pannel on Climate Change (IPCC)",,English,"Observed surface air temperature has increased in the 20th century all over Asia (high",https://www.ipcc.ch/report/sixth-assessment-report-working-group-ii/,,Asia,"10/20/2022 - 18:22",https://www.iges.or.jp/en/pub/ipcc-ar6-asia/en
12043,"Peer-reviewed Article","Brian Johnson","Resilient Livelihoods, Adaptation","Adaptation & Water",2021,"March 2022","Academic / research communities","Author(s): Shahab Jozdani, Dongmei Chen, Darren Pouliot, Brian JOHNSON","A review and meta-analysis of generative adversarial networks and their applications in remote sensing",,"International Journal of Applied Earth Observation and Geoinformation",108,102734,"Creative Commons Attribution 4.0 (CC-BY)",Elsevier,,English,"Generative Adversarial Networks (GANs) are one of the most creative advances in Deep Learning (",https://www.sciencedirect.com/science/article/pii/S0303243422000605,,Worldwide,"10/20/2022 - 18:23",https://www.iges.or.jp/en/pub/gans-review/en
11864,"Peer-reviewed Article","Pankaj Kumar",,"Adaptation & Water",2021,"December 2021","Policymakers, Academic / research communities","Author(s): Md. Nasif  Ahsan, Fatema  Khatun, Pankaj KUMAR, Rajarshi DASGUPTA, Brian JOHNSON, Rajib Shaw","Promise, premise, and reality: the case of voluntary environmental non‑migration despite climate risks in coastal Bangladesh",,"Regional Environmental Change","22,1",,Springer,,,English,"Despite confronting severe climatic risks, many people prefer to remain in climate hazard-prone",https://link.springer.com/article/10.1007/s10113-021-01864-1,,,"10/20/2022 - 18:23",https://www.iges.or.jp/en/pub/climate-change-migration-water-disaster/en
11860,"Peer-reviewed Article","Rajarshi DASGUPTA","Sustainable Cities and Transport, Forests","Integrated Sustainability Centre",2020,"December 2021","Policymakers, Academic / research communities","Author(s): Rajarshi DASGUPTA, Mrittika BASU, Shizuka Hashimoto, Ronald C. Estoque, Pankaj KUMAR, Brian JOHNSON, Bijon Kumer  MITRA, Priyanka  Mitra","Residents’ place attachment to urban green spaces in Greater Tokyo region: An empirical assessment of dimensionality and influencing socio-demographic factors",,"Urban Forestry & Urban Greening",,,"Elsevier Inc.",,,English,"Although many researchers highlight the benefits of Urban Green Spaces (UGS) to city dwellers,",https://www.sciencedirect.com/science/article/pii/S1618866721004659?dgcid=author,,Japan,"10/20/2022 - 18:23",https://www.iges.or.jp/en/pub/tokyoplaceattachment/en
11858,"Peer-reviewed Article","Brian Johnson","Adaptation, Forests","Adaptation & Water",2021,"December 2021","Academic / research communities","Author(s): Shahab Jozdani, Dongmei Chen, Wenjun Chen, Sylvain Leblanc, Julie Lovitt, Liming He, Robert Fraser, Brian JOHNSON","Evaluating Image Normalization via GANs for Environmental Mapping: A Case Study of Lichen Mapping Using High-Resolution Satellite Imagery",,"Remote Sensing","13 (24)",5035,"Creative Commons Attribution 4.0 (CC-BY)",,,English,"Illumination variations in non-atmospherically corrected high-resolution satellite (HRS) images",https://www.mdpi.com/2072-4292/13/24/5035,,Canada,"10/20/2022 - 18:23",https://www.iges.or.jp/en/pub/gans-normalization/en
11763,"Peer-reviewed Article","Brian Johnson","Adaptation, Resilient Livelihoods, Sustainable Cities and Transport","Adaptation & Water",2021,"November 2021","Academic / research communities","Author(s): Sk Mithun, Mehebub Sehana, Subrata Chattopadhyay, Brian JOHNSON, Khaled Kheder, Ram Avtar","Monitoring Metropolitan Growth Dynamics for Achieving Sustainable Urbanization (SDG 11.3) in Kolkata Metropolitan Area, India",,"Remote Sensing","13 (21)",,"Creative Commons Attribution 4.0 (CC-BY)",MDPIAG,,English,"The mass accumulation of population in the larger cities of India has led to accelerated and",https://www.mdpi.com/2072-4292/13/21/4423,,India,"10/20/2022 - 18:23",https://www.iges.or.jp/en/pub/urbangrowth-kolkata/en
11722,"Peer-reviewed Article","Brian Johnson","Adaptation, Resilient Livelihoods","Adaptation & Water",2021,"October 2021","Academic / research communities","Author(s): Saeid Gharechelou, Ryutaro Tateishi, Josaphat Sumantyo, Brian JOHNSON","Soil Moisture Retrieval Using Polarimetric SAR Data and Experimental Observations in an Arid Environment",,"ISPRS International Journal of Geo-Information","10 (10)",711,"Creative Commons Attribution 4.0 (CC-BY)",MDPIAG,,English,"Soil moisture is a critical component for Earth science studies, and Synthetic Aperture Radar (",https://www.mdpi.com/2220-9964/10/10/711,,"Iran (Islamic Republic of)","10/20/2022 - 18:23",https://www.iges.or.jp/en/pub/sar-soilmoisture/en
11654,"Peer-reviewed Article","Brian Johnson","Adaptation, Resilient Livelihoods","Adaptation & Water",2021,"September 2021","Policymakers, Academic / research communities","Author(s): Brian JOHNSON, Ronald Estoque, Xuecao Li, Pankaj KUMAR, Rajarshi DASGUPTA, Ram Avtar, Damasa Macandog","High-resolution urban change modeling and flood exposure estimation at a national scale using open geospatial data: A case study of the Philippines",,"Computers, Environment and Urban Systems",90,101704,"Elsevier B.V.","Elsevier B.V.",,English,"Many developing countries in Asia are experiencing rapid urban expansion in climate hazard prone",https://www.sciencedirect.com/science/article/pii/S0198971521001113,,,"10/20/2022 - 18:23",https://www.iges.or.jp/en/pub/ph-urban2050-paper/en
11653,"Peer-reviewed Article","Brian Johnson","Adaptation, Forests","Adaptation & Water",2021,"September 2021","Academic / research communities","Author(s): Deha Umarhadi, Ram Avtar, Wirastuti Widyatmanti, Brian JOHNSON, Ali Yunus, Khaled Khedher, Gulab Singh","Use of multifrequency (C-band and L-band) SAR data to monitor peat subsidence based on time-series SBAS InSAR technique",,"Land Degradation & Development",,,"John Wiley & Sons, Inc.","John Wiley & Sons, Inc.","DOI: 10.1002/ldr.4061",English,"Full text available at: ",https://onlinelibrary.wiley.com/doi/10.1002/ldr.4061,,,"10/20/2022 - 18:23",https://www.iges.or.jp/en/pub/sbas/en
11618,"Data or Tool","Brian Johnson","Adaptation, Resilient Livelihoods","Adaptation & Water",2021,"August 2021","Academic / research communities","Author(s): Brian JOHNSON","High-resolution urban land-use maps of the Philippines (2018-2050)",,,,,"Institute for Global Environmental Strategies","Institute for Global Environmental Strategies",,English,"This dataset contains GIS maps (.shp files) of built-up/urban land in the Philippines in 2018 (",,,Philippines,"10/20/2022 - 18:23",https://www.iges.or.jp/en/pub/ph-urban2050/en
11613,"Peer-reviewed Article","Rajarshi DASGUPTA",Forests,"Integrated Sustainability Centre, Adaptation & Water, Biodiversity & Forests",2021,"August 2021","Policymakers, Academic / research communities","Author(s): Rajarshi DASGUPTA, Shalini Dhyani, MRITTIKA BASU, Rakesh Kadaverugu, Pankaj KUMAR, Brian JOHNSON, Shizuka Hashimoto, Yasuo  TAKAHASHI, Bijon Kumer  MITRA, Ram  Avtar, Priyanka Mitra","Exploring Indigenous and Local Knowledge and Practices (ILKPs) in Traditional Jhum Cultivation for Localizing Sustainable Development Goals (SDGs): A Case Study from Zunheboto District of Nagaland, India",,"Environmental Management",,,"Springer Nature",Springer,,English,"Globally, shifting cultivation is known to be an important driver of tropical deforestation.",https://link.springer.com/article/10.1007/s00267-021-01514-6,,India,"10/20/2022 - 18:23",https://www.iges.or.jp/en/pub/nagaland/en
11571,"Peer-reviewed Article","Brian Johnson","Adaptation, Biodiversity","Adaptation & Water",2021,"July 2021","Academic / research communities","Author(s): Shahab Jozdani, Dongmei Chen, Wenjun Chen, Sylvain Leblanc, Christian Prévost, Julie Lovitt, Liming He, Brian JOHNSON","Leveraging Deep Neural Networks to Map Caribou Lichen in High-Resolution Satellite Images Based on a Small-Scale, Noisy UAV-Derived Map",,"Remote Sensing","13 (14)",,"Creative Commons Attribution 4.0 (CC-BY)","MDPI AG",,English,"Lichen is an important food source for caribou in Canada. Lichen mapping using remote sensing (",https://www.mdpi.com/2072-4292/13/14/2658,,Canada,"10/20/2022 - 18:24",https://www.iges.or.jp/en/pub/lichen/en
11523,"Conference Paper","Yuki Ohashi","Adaptation, Resilient Livelihoods","Regional Centre in Bangkok",2020,"March 2021",Policymakers,"Author(s): Asia-Pacific Climate Change Adaptation Network (APAN), UNEP, IUCN","Nature-based Resilience Outlook (7th APAN Forum)",NbS,,,,"United Nations Environment Programme",,,English,"The Asia and the Pacific is extremely vulnerable to the impacts of climate change. In 2020, the","http://www.asiapacificadapt.net/adaptationforum2020/2021/03/05/resilience-outlo…, http://www.asiapacificadapt.net/adaptationforum2020-jp/wp-content/uploads/2021/…",,Asia,"10/20/2022 - 18:24",https://www.iges.or.jp/en/pub/apan-nbr-outlook/en
11499,"Peer-reviewed Article","Rajarshi DASGUPTA",Biodiversity,"Adaptation & Water",2020,"June 2021","Academic / research communities","Author(s): Colin  Peros, Rajarshi DASGUPTA, Pankaj KUMAR, Brian JOHNSON","Bushmeat, wet markets, and the risks of pandemics: Exploring the nexus through systematic review of scientific disclosures",,"Environmental Science and Policy",124,1-11,"Elsevier Inc.","Elsevier B.V.",,English,"The novel coronavirus (SARS-CoV-2) is the third coronavirus this century to threaten human",https://www.sciencedirect.com/science/article/abs/pii/S1462901121001519?dgcid=a…,,Worldwide,"10/20/2022 - 18:24",https://www.iges.or.jp/en/pub/wetmarket/en
11485,"Peer-reviewed Article","Pankaj Kumar",,"Adaptation & Water",2020,"June 2021","Policymakers, Academic / research communities","Author(s): Pankaj KUMAR, Rajarshi DASGUPTA, Shalini Dhyani, Rakesh Kadaverugu, Brian JOHNSON, Shizuka Hashimoto, Netrananda Sahu, Ram Avtar, Osamu SAITO, Shamik Chakraborty, Binaya Kumar Mishra","Scenario-Based Hydrological Modeling for Designing Climate-Resilient CoastalWater Resource Management Measures: Lessons from Brahmani River, Odisha, Eastern India",,Sustainability,,,MDPI,,,English,"Widespread urban expansion around the world, combined with rapid demographic and
climatic",,,,"10/20/2022 - 18:24",https://www.iges.or.jp/en/pub/water-sdg-india/en
11431,"Peer-reviewed Article","Pankaj Kumar",,"Adaptation & Water",2020,"May 2021",Policymakers,"Author(s): Sushila Paudel, Pankaj KUMAR, Rajarshi DASGUPTA, Brian JOHNSON, Ram Avtar, Rajib Shaw, Binaya Kumar Mishra, Sakiko Kanbara","Nexus between Water Security Framework and Public Health: A Comprehensive Scientific Review",,Water,,,MDPI,,,English,"Water scarcity, together with the projected impacts of water stress worldwide, has led
to",,,,"10/20/2022 - 18:24",https://www.iges.or.jp/en/pub/water-security-health-nexus/en
11387,"Peer-reviewed Article","André Mader","Biodiversity, Governance","Biodiversity & Forests",2020,"April 2021","Policymakers, Academic / research communities","Author(s): André MADER, Brian JOHNSON, Yuki OHASHI, Isabella Fenstermaker","Country Representatives’ Perceptions of the Biodiversity Science-Policy Interface",,Conservation,1(2),73-81,MDPI,MDPI,,English,"Biodiversity knowledge is communicated by scientists to policymakers at the biodiversity “",https://www.mdpi.com/2673-7159/1/2/6,,Worldwide,"10/20/2022 - 18:24",https://www.iges.or.jp/en/pub/countryrepresentatives/en
11375,Book,"Brian Johnson","Resilient Livelihoods, Water","Adaptation & Water",2020,"March 2021","Policymakers, Academic / research communities","Author(s): Brian JOHNSON, Damasa B. Macandog, Pankaj KUMAR, Rajarshi DASGUPTA, Masayuki  KAWAI","Participatory Coastal Land-Use Management (PCLM) Guidebook: Participatory approaches and geospatial modeling for increased resilience to climate change at the watershed level",,,,,"Institute for Global Environmental Strategies","Institute for Global Environmental Strategies",,English,"This guidebook is intended to provide an overview of how to conduct climate change and land-use",https://drive.google.com/uc?export=download&id=1i7lbU6s8VIEkY3-sbWm5fPYJ498LBymp,,Asia,"10/20/2022 - 18:24",https://www.iges.or.jp/en/pub/pclm-guidebook/en
11340,"Commissioned Report","Yuki Ohashi","Adaptation, Resilient Livelihoods","Adaptation & Water",2020,"March 2021","Policymakers, Academic / research communities","Author(s): Brian JOHNSON, Pankaj KUMAR, Rajarshi DASGUPTA, Masayuki  KAWAI","令和2 年度フィリピンにおける気候変動適応分野の人材育成支援業務 報告書",,,,,"環境省（Comissioned Report)",,,Japanese,"環境省では平成28 年度より、アジア太平洋地域における気候変動適応分野の知見共有、人材育成に関する支援業務をフィリピンにおいて実施してきた。
　本業務では令和元年（平成31 年）",,,Asia,"10/20/2022 - 18:24",https://www.iges.or.jp/jp/pub/moej-philippines-fy2020/ja
11275,Book,"Brian Johnson","Adaptation, Resilient Livelihoods, Water","Adaptation & Water",2020,"March 2021","Policymakers, Academic / research communities","Author(s): Brian JOHNSON, Damasa B. Magcale-Macandog, Pankaj KUMAR, Rajarshi DASGUPTA, Masayuki  KAWAI, Isao  ENDO, Milben Bragais","Participatory Watershed Land-Use Management (PWLM) Guidebook: Participatory approaches and geospatial modeling for increased resilience to climate change at the watershed level",,,,,"Institute for Global Environmental Strategies","Institute for Global Environmental Strategies",,English,"This guidebook is intended to provide an overview of how to conduct climate change and land-use",https://drive.google.com/uc?export=download&id=1ZDT65q-OLqalXResHxnCYnthy6hsfpCh,,Asia,"10/20/2022 - 18:24",https://www.iges.or.jp/en/pub/pwlm-guidebook/en
11239,Presentation,"Rajarshi DASGUPTA",Adaptation,"Adaptation & Water",2020,"March 2021",Policymakers,"Author(s): Rajarshi DASGUPTA, Sivapuram Ventaka Rama Krishna PRABHAKAR, Pankaj KUMAR, Brian JOHNSON, Bijon Kumer  MITRA","Key risks and adaptation options in Asia - An extract of recent global assessments",,"APAN Forum Special Session","11th March, 2021",,"first author",,,English,"The presentation summarizes key climate risks and sectoral adaptation options for Asia from the",,,Asia,"10/20/2022 - 18:24",https://www.iges.or.jp/en/pub/keyriskipcc/en
11177,"Peer-reviewed Article","Rajarshi DASGUPTA",Forests,"Biodiversity & Forests",2021,"February 2021","Academic / research communities","Author(s): Ronald C.  Estoque, Brian JOHNSON, YAN GAO, Rajarshi DASGUPTA, Makoto  Ooba, Takuya  Togawa, Yasuaki Hijoka, Yuji  Murayama, Lilito D  Gavina,, Rodel  D Lasco","Remotely sensed tree canopy cover–based indicators for monitoring global sustainability and environmental initiatives",,"Environmental Research Letters",,,Authors,,,English,"With the intensifying challenges of global sustainability and biodiversity conservation, the",https://iopscience.iop.org/article/10.1088/1748-9326/abe5d9?fbclid=IwAR3F6-CaZ8…,,"South-Eastern Asia","10/20/2022 - 18:25",https://www.iges.or.jp/en/pub/tcc/en
11156,"Peer-reviewed Article","Pankaj Kumar","Governance and Civil Society","Adaptation & Water",2020,"January 2021","Policymakers, Academic / research communities","Author(s): Ram Avtar, Asma  Kouser, Ashwani  Kumar, Deepak  Singh, Prakhar  Misra, Ankita  Gupta, Ali P.  Yunus, Pankaj KUMAR, Brian JOHNSON, Rajarshi DASGUPTA, Netrananda  Sahu, Andi Besse  Rimba","Remote Sensing for International Peace and Security: Its Role and Implications",,"Remote Sensing",,,"MDPI AG",,,English,"Remote sensing technology has seen a massive rise in popularity over the last two decades,",,,Worldwide,"10/20/2022 - 18:25",https://www.iges.or.jp/en/pub/remotesensing-peace/en
11154,"Peer-reviewed Article","Rajarshi DASGUPTA",Ecosystems,"Adaptation & Water",2020,"January 2021","Policymakers, Academic / research communities","Author(s): Rajarshi DASGUPTA, Shizuka Hashimoto, Mrittika  Basu, Pankaj KUMAR, Brian JOHNSON, Shalini  Dhyani","Spatial characterization of non-material values across multiple coastal production landscapes in the Indian Sundarban delta",,"Sustainability Science",,,"Springer Nature",,,English,"The paper narrates an empirical study of participatory mapping and spatial characterization of",https://link.springer.com/article/10.1007/s11625-020-00899-3,,India,"10/20/2022 - 18:25",https://www.iges.or.jp/en/pub/nonmateriallandscapevalues/en
11137,"Peer-reviewed Article","Pankaj Kumar",Adaptation,"Adaptation & Water",2020,"January 2021","Policymakers, Academic / research communities","Author(s): Mmasabata Dolly  Molekoa, Ram Avtar, Pankaj KUMAR, Huynh Vuong Thu  Minh, Rajarshi DASGUPTA, Brian JOHNSON, Netrananda  Sahu, Ram Lal  Verma, Ali P.  Yunus","Spatio‐Temporal Analysis of Surface Water Quality in Mokopane Area, Limpopo, South Africa",,Water,,,MDPIAG,,,English,"Considering the well‐documented impacts of land‐use change on water resources and the",,,"South Africa","10/20/2022 - 18:25",https://www.iges.or.jp/en/pub/urban-water-security/en-1
11134,"Peer-reviewed Article","Brian Johnson","Adaptation, Mitigation, Biodiversity, Resilient Livelihoods","Adaptation & Water",2020,"January 2021","Policymakers, Academic / research communities","Author(s): Dai Xiaoai, Brian JOHNSON, Penglan Luo, Kai Yang, Linxin Dong, Qiang Wang, Chao Liu, Naiwen Li, Heng Lu, Lei Ma, Zhengli Yang, Yuanzhi Yao","Estimation of Urban Ecosystem Services Value: A Case Study of Chengdu, Southwestern China",,"Remote Sensing","13 (2)",207,"Creative Commons Attribution 4.0 (CC-BY)",MDPIAG,,English,"Research on the service values of urban ecosystems is a hot topic of ecological studies in the",https://www.mdpi.com/2072-4292/13/2/207,,China,"10/20/2022 - 18:25",https://www.iges.or.jp/en/pub/chengdu-esv/en
11078,"Peer-reviewed Article","Pankaj Kumar","Adaptation, Water","Adaptation & Water",2020,"November 2020","Policymakers, Academic / research communities","Author(s): Pankaj KUMAR, Ram Avtar, Rajarshi DASGUPTA, Brian JOHNSON, Abhijit Mukherjee, Md. Nasif Ahsan, Duc  Cong Hiep Nguyen, Hong Quan  Nguyen, Rajib Shaw, Binaya Kumar Mishra","Socio-hydrology: A key approach for adaptation to water scarcity and achieving human well-being in large riverine islands",,"Progress in Disaster Science","8 (100134)",,"Elsevier Ltd.",,,English,"Rapid global changes (population growth, urbanization and frequent extreme weather conditions)",,,"Viet Nam, Bangladesh, India","10/20/2022 - 18:25",https://www.iges.or.jp/en/pub/sociohydrology-water-human-wellbeing/en
10989,"Peer-reviewed Article","Rajarshi DASGUPTA",Adaptation,"Adaptation & Water",2020,"September 2020","Academic / research communities","Author(s): Rajarshi DASGUPTA, MRITTIKA BASU, Pankaj KUMAR, Brian JOHNSON, Bijon Kumer  MITRA, RAM AVTAR, RAJIB SHAW","A rapid indicator-based assessment of foreign resident preparedness in Japan during Typhoon Hagibis",,"International Journal of Disaster Risk Reduction",51,101849,"Elsevier Inc.",,,English,"The paper narrates a pilot study to understand disaster preparedness among",https://www.sciencedirect.com/science/article/pii/S2212420920313510,,Japan,"10/20/2022 - 18:26",https://www.iges.or.jp/en/pub/typhoonhagibis/en
10984,"Report Chapter","Eiko  Kitamura",,"Adaptation & Water",2018,"January 2019","Policymakers, Academic / research communities","Author(s): Aruna Dias, Brian JOHNSON, Neil Stephen A Lopez, Jiyoon Song, Yuta Uchiyama","Chapter 4: Sustainability and Resilience in a Changing World","Global Environmental Outlook 6 (GEO6)","Global Environmental Outlook for Youth Asia and the Pacific","Chapter 4",,"United Nations Environment Programme","United Nations Environment Programme",978-92-807-3734-9,English,"The Global Environmental Outlook (GEO) for Youth Asia and the Pacific is an international","https://www.iges.or.jp/en/pub/geo6-youth-ap-en/en, https://www.iges.or.jp/en/projects/unea4/geo-6-youth, https://www.unenvironment.org/resources/report/global-environment-outlook-youth…",,,"10/20/2022 - 18:26",https://www.iges.or.jp/en/pub/geo6-youth-ap-en-ch4/en
10978,"Policy Report","Tomoko  Takeda","Climate Change, Ecosystems, Sustainable Consumption and Production, Sustainable Societies","Adaptation & Water",2020,"August 2020","Policymakers, Academic / research communities","Author(s): United Nations Environment Programme [UNEP]","[DAISY] GEO for Youth Asia and the Pacific","Global Environmental Outlook 6 (GEO6)",,,,"United Nations Environment Programme","United Nations Environment Programme",978-92-807-3734-9,English,"[DAISY] GEO for Youth Asia and the Pacific (text only DAISY3, zip file","https://www.iges.or.jp/en/projects/unea4/geo-6-youth, https://www.unenvironment.org/resources/report/global-environment-outlook-youth…, https://atdo.website/, https://daisy.org/",,"Asia, Oceania","10/20/2022 - 18:26",https://www.iges.or.jp/en/pub/geo-youth-ap-e-daisy/en
10926,"Peer-reviewed Article","Brian Johnson","Adaptation, Water","Adaptation & Water",2020,"August 2020","Academic / research communities","Author(s): Haireti Alifu, Jean-Francois Vuillaume, Brian JOHNSON, Yukiko Hirabayashi","Machine-learning classification of debris-covered glaciers using a combination of Sentinel-1/-2 (SAR/optical), Landsat 8 (thermal) and digital elevation data",,Geomorphology,,107365,"Elsevier B.V.","Elsevier B.V.",,English,"Debris cover on glacier surfaces hampers the accurate detection of debris-covered ice using",https://www.sciencedirect.com/science/article/abs/pii/S0169555X2030338X,,China,"10/20/2022 - 18:26",https://www.iges.or.jp/en/pub/debris-covered-glaciers/en
10917,"Peer-reviewed Article","Yasuo  Takahashi",Biodiversity,"Biodiversity & Forests",2020,"June 2020","Policymakers, Academic / research communities","Author(s): Alexander Kelsch, Yasuo  TAKAHASHI, Rajarshi DASGUPTA, André MADER, Brian JOHNSON, Pankaj KUMAR","Invasive alien species and local communities in socio-ecological production landscapes and seascapes: A systematic review and analysis",,"Environmental Science and Policy",112,275-281,Elsevier,Elsevier,,English,"Effective management of invasive alien species (IAS) requires comprehensive stakeholder",https://www.sciencedirect.com/science/article/pii/S1462901120300642,,Worldwide,"10/20/2022 - 18:26",https://www.iges.or.jp/en/pub/ias-and-communities-sepls/en
10881,"Fact Sheet","Pankaj Kumar",Adaptation,"Adaptation & Water",2019,"June 2020","Policymakers, Academic / research communities","Author(s): Pankaj KUMAR, Brian JOHNSON, Rajarshi DASGUPTA, Damasa B.  Magcale-Macandog, John Vincent  Pleto","Groundwater quality in coastal Oriental Mindoro: Results from 35 well samples",,,,,"Institute for Global Environmental Strategies",,,English,"Key point 
Analyzed several water quality parameters (pH, electrical conductivity (EC), total",,,Philippines,"10/20/2022 - 18:26",https://www.iges.or.jp/en/pub/sustainable-water-resource-management/en-1
10865,"Peer-reviewed Article","Brian Johnson","Biodiversity, Forests, Resilient Livelihoods","Biodiversity & Forests",2020,"July 2020","Academic / research communities","Author(s): Brian JOHNSON, Lei Ma","Image Segmentation and Object-Based Image Analysis for Environmental Monitoring: Recent Areas of Interest, Researchers’ Views on the Future Priorities",,"Remote Sensing","12 (11)",1772,"Creative Commons Attribution 4.0 (CC-BY)",MDPIAG,,English,"Image segmentation and geographic object-based image analysis (GEOBIA) were proposed around the",https://www.mdpi.com/2072-4292/12/11/1772,,,"10/20/2022 - 18:26",https://www.iges.or.jp/en/pub/geobia-editorial/en
10864,"Peer-reviewed Article","Brian Johnson","Resilient Livelihoods","Adaptation & Water",2020,"July 2020","Academic / research communities","Author(s): Brian JOHNSON, Shahab Jozdani","Confusion Matrices Help Prevent Reader Confusion: Reply to Bechtel, B., et al. A Weighted Accuracy Measure for Land Cover Mapping",,"Remote Sensing","12 (11)",1771,"Creative Commons Attribution 4.0 (CC-BY)",MDPIAG,,English,"Land use/land cover (LULC) maps are now being used across disciplines for many different types",https://www.mdpi.com/2072-4292/12/11/1771,,,"10/20/2022 - 18:26",https://www.iges.or.jp/en/pub/confusion-matrices/en
10815,"Peer-reviewed Article","Pankaj Kumar",Adaptation,"Adaptation & Water",2019,"April 2020","Policymakers, Academic / research communities","Author(s): Pankaj KUMAR, Brian JOHNSON, Rajarshi DASGUPTA, Ram Avtar, Shamik Chakraborty, Masayuki  KAWAI, Damasa Macandog","Participatory Approach for More Robust Water Resource Management: Case Study of the Santa Rosa Sub-Watershed of the Philippines",,Water,"12, 1172",,"Institute for Global Environmental Strategies",MDPI,,English,"Due to the cumulative effects of rapid urbanization, population growth and climate change, many",,,Philippines,"10/20/2022 - 18:26",https://www.iges.or.jp/en/pub/sustainable-water-quality-management/en-3
10796,"Research Report","Binaya Raj  Shivakoti","Forests, Water","Adaptation & Water",2019,"March 2020","Policymakers, Academic / research communities","Author(s): Jintana KAWASAKI, Henry SCHEYVENS, Binaya Raj  SHIVAKOTI, Brian JOHNSON, Adcharaporn  Pagdee, Canesio D  Predo, Cossey K.  Yosi, Stewart  Serawe, Mark  Mameek Winai, Isao Endo","Effective Models for Payment Mechanisms for Forest Ecosystem Services in Papua New Guinea, Philippines and Thailand","APN E-Lib",,,,"Asia-Pacific Network for Global Change Research","Asia-Pacific Network for Global Change Research",,English,"Although it is widely acknowledged that forests provide critical ecosystem services for human",https://www.apn-gcr.org/resources/items/show/2074,,"Philippines, Thailand, Papua New Guinea","10/20/2022 - 18:26",https://www.iges.or.jp/en/pub/pesforest/en
10784,"Peer-reviewed Article",,Adaptation,"Adaptation & Water",2019,"April 2020","Policymakers, Academic / research communities","Author(s): Md. Mustafizur  Rahman, Ram  Avtar, Ali P.  Yunus, Jie  Dou, Prakhar  Misra, Wataru  Takeuchi, Netrananda  Sahu, Pankaj KUMAR, Brian JOHNSON, Rajarshi DASGUPTA, Ali  Kharrazi, Shamik  Chakraborty, Tonni Agustiono  Kurniawan","Monitoring Effect of Spatial Growth on Land Surface Temperature in Dhaka",,"Remote Sensing","12, 1191",,"Institute for Global Environmental Strategies",MDPI,2072-4292,English,"Spatial urban growth and its impact on land surface temperature (LST) is a high priority",,,Bangladesh,"10/20/2022 - 18:26",https://www.iges.or.jp/en/pub/remote-sensing-urbanization-dhaka/en
10709,"Commissioned Report","Masayuki  Kawai",Adaptation,"Adaptation & Water",2019,"March 2020",Policymakers,"Author(s): Masayuki  KAWAI, Brian JOHNSON, Pankaj KUMAR, Rajarshi DASGUPTA, Tetsuo  KUYAMA, Peter  KING, Osamu MIZUNO",平成31年度アジア太平洋地域における気候変動適応分野の知見共有、人材育成支援業務報告書,,,,,"Institute for Global Environmental Strategies","Institute for Global Environmental Strategies",,Japanese,,,,Philippines,"10/20/2022 - 18:26",https://www.iges.or.jp/jp/pub/moej-ai-fy2019/ja
10671,"Policy Report","Tomoko  Takeda",,"Adaptation & Water",2018,"January 2019","Policymakers, Academic / research communities","Author(s): United Nations Environment Programme [UNEP]","Global Environmental Outlook for Youth Asia and the Pacific","Global Environmental Outlook 6 (GEO6)",,,,"United Nations Environment Programme","United Nations Environment Programme",978-92-807-3734-9,English,"The Global Environmental Outlook (GEO) for Youth Asia and the Pacific is an international","https://www.iges.or.jp/en/projects/unea4/geo-6-youth, https://www.unenvironment.org/resources/report/global-environment-outlook-youth…",,,"10/20/2022 - 18:26",https://www.iges.or.jp/en/pub/geo6-youth-ap-en/en
10622,"Book Chapter","Yasuo  Takahashi",Biodiversity,"Biodiversity & Forests",2019,"March 2020","Policymakers, Academic / research communities","Author(s): Ikuko MATSUMOTO, Yasuo  TAKAHASHI, André MADER, Brian JOHNSON, Federico  LOPEZ-CASERO, Masayuki  KAWAI, Kazuo MATSUSHITA, Sana  OKAYASU
Editor(s): Osamu SAITO, Suneetha M Subramanian, Shizuka Hashimoto, Kazuhiko TAKEUCHI","Mapping the Current Understanding of Biodiversity Science–Policy Interfaces","Science for Sustainable Societies","Managing Socio-ecological Production Landscapes and Seascapes for Sustainable Communities in Asia","Chapter 8",147-170,"Springer Nature","Springer Nature",978-981-15-1132-5,English,"This chapter contributes to improve an understanding of the effectiveness of different","https://link.springer.com/chapter/10.1007/978-981-15-1133-2_8, http://pances.net/eng/",,Worldwide,"10/20/2022 - 18:27",https://www.iges.or.jp/en/pub/mapping-biodiversity-science-policy-interfaces/en
10521,"Peer-reviewed Article","Brian Johnson",Ecosystems,"Adaptation & Water",2019,"February 2020","Academic / research communities","Author(s): Saeid Gharechelou, Ryutaro Tateishi, Brian JOHNSON","Mineral Soil Texture–Land Cover Dependency on Microwave Dielectric Models in an Arid Environment",,Land,"9 (2)",39,"Creative Commons Attribution 4.0 (CC-BY)","MDPI AG",,English,"In this study, we measured and characterized the relative dielectric constant of mineral soils",https://www.mdpi.com/2073-445X/9/2/39,,"Iran (Islamic Republic of)","10/20/2022 - 18:27",https://www.iges.or.jp/en/pub/soil-dielectric-constant/en
10426,"Peer-reviewed Article","Brian Johnson","Adaptation, Biodiversity, Forests, Resilient Livelihoods","Adaptation & Water",2019,"January 2020","Academic / research communities","Author(s): Lin Gao, Xiaofei Wang, Brian JOHNSON, Qingiu Tian, Yu Wang, Jochem Verrelst, Xihan Mu, Xingfa Gu","Remote sensing algorithms for estimation of fractional vegetation cover using pure vegetation index values: A review",,"ISPRS Journal of Photogrammetry and Remote Sensing",159,364-377,"Elsevier B.V.","Elsevier B.V.",,English,"Green fractional vegetation cover (fc) is an important phenotypic factor in the fields of",https://www.sciencedirect.com/science/article/pii/S0924271619302783,,Worldwide,"10/20/2022 - 18:27",https://www.iges.or.jp/en/pub/fvc-review/en
10388,"Peer-reviewed Article","Pankaj Kumar",Water,"Adaptation & Water",2019,"November 2019","Policymakers, Academic / research communities","Author(s): Pankaj KUMAR, Rajarshi DASGUPTA, Manish Ramaiah, Ram Avtar, Brian JOHNSON, Binaya Kumar Mishra","Hydrological Simulation for Predicting the Future Water Quality of Adyar River, Chennai, India",,"International Journal of Environmental Research and Public Health","16, 23",4597,"Institute for Global Environmental Strategies",,,English,"Just a few decades ago, Adyar River in India’s city of Chennai was an important source of
water for",,,Worldwide,"10/20/2022 - 18:27",https://www.iges.or.jp/en/pub/sustainable-water-quality-management/en
10363,"Peer-reviewed Article","Brian Johnson","Biodiversity, Forests, Resilient Livelihoods","Biodiversity & Forests",2019,"March 2020","Policymakers, Academic / research communities","Author(s): Brian JOHNSON, André MADER, Rajarshi DASGUPTA, Pankaj KUMAR","Citizen science and invasive alien species: An analysis of citizen science initiatives using information and communications technology (ICT) to collect invasive alien species observations",,"Global Ecology and Conservation",21,e00812,"Creative Commons Attribution 4.0 (CC-BY)","Elsevier B.V.",,English,"Owing to the huge number of species observations that can be collected by non-professional",https://www.sciencedirect.com/science/article/pii/S2351989419304500?via%3Dihub=,,Worldwide,"10/20/2022 - 18:27",https://www.iges.or.jp/en/pub/citizen-science-and-invasive-species/en
10362,"Peer-reviewed Article","Brian Johnson","Adaptation, Resilient Livelihoods","Adaptation & Water",2019,"October 2019","Academic / research communities","Author(s): Brian JOHNSON, Shahab Jozdani","Local climate zone (LCZ) map accuracy assessments should account for land cover physical characteristics that affect the local thermal environment",,"Remote Sensing","11 (2)",2420,"Creative Commons Attribution 4.0 (CC-BY)","MDPI AG",,English,"Local climate zone (LCZ) maps are increasingly being used to help understand and model the urban",https://www.mdpi.com/2072-4292/11/20/2420,,Worldwide,"10/20/2022 - 18:27",https://www.iges.or.jp/en/pub/localclimatezones/en
7040,"Peer-reviewed Article","Brian Johnson","Resilient Livelihoods, Sustainable Cities and Transport","Adaptation & Water",2019,"July 2019","Academic / research communities","Author(s): Shahab Jozdani, Brian JOHNSON, Dongmei Chen","Comparing Deep Neural Networks, Ensemble Classifiers, and Support Vector Machine Algorithms for Object-Based Urban Land Use/Land Cover Classification",,"Remote Sensing","11 (14)",1713,"Creative Commons Attribution 4.0 (CC-BY)","MDPI AG",,English,"With the advent of high-spatial resolution (HSR) satellite imagery, urban land use/land cover (",https://www.mdpi.com/2072-4292/11/14/1713,,"United States of America, Canada","10/20/2022 - 18:27",https://www.iges.or.jp/en/pub/comparing-deep-neural-networks-ensemble/en
7035,"Peer-reviewed Article","Brian Johnson",Ecosystems,"Adaptation & Water",2019,"July 2019","Academic / research communities","Author(s): Brian JOHNSON","How an augmented reality game (Pokémon GO) affected volunteer contributions to OpenStreetMap",,"Proceedings of the International Cartographic Association",2,4,"Creative Commons Attribution 4.0 (CC-BY)",,,English,"OpenStreetMap (OSM) has become one of the largest sources of volunteered geographic information",https://www.proc-int-cartogr-assoc.net/2/54/2019/,,Worldwide,"10/20/2022 - 18:27",https://www.iges.or.jp/en/pub/how-augmented-reality-game-pok%C3%A9mon-go-affected/en
7034,"Peer-reviewed Article","Brian Johnson","Resilient Livelihoods, Biodiversity","Adaptation & Water",2019,"July 2019","Academic / research communities","Author(s): Brian JOHNSON, Rajarshi DASGUPTA, Shizuka Hashimoto, Pankaj KUMAR, Akio Onishi","Integrating spatial accessibility estimates derived from crowdsourced, commercial, and authoritative geo-datasets: Case study of mapping accessibility to urban green space in the Tokyo-Yokohama area",,"Proceedings of the International Cartographic Association",2,5,"Creative Commons Attribution 4.0 (CC-BY)",,,English,"Parks and other public green spaces (hereafter “urban green spaces”) provide many benefits to",https://www.proc-int-cartogr-assoc.net/2/55/2019/,,Japan,"10/20/2022 - 18:27",https://www.iges.or.jp/en/pub/integrating-spatial-accessibility-estimates/en
7019,"Peer-reviewed Article","Brian Johnson","Resilient Livelihoods, Adaptation, Mitigation","Adaptation & Water",2019,"July 2019","Academic / research communities","Author(s): Minami Sakamoto, Akio Onishi, Brian JOHNSON","Extracting Fine Land Cover Information From WorldView-2 Imagery to Monitor Rooftop Greening",,環境科学会誌,"32 (3)",91-102,"Society of Environmental Science, Japan","Society of Environmental Science, Japan",,Japanese,"Although greenery in urban areas has many functions, such as mitigation of the urban heat island",https://www.jstage.jst.go.jp/browse/sesj/list/-char/en,,Japan,"10/20/2022 - 18:27",https://www.iges.or.jp/jp/pub/extracting-fine-land-cover-information/ja
6914,"Book Chapter","Brian Johnson","Resilient Livelihoods","Adaptation & Water",2018,"May 2019",Policymakers,"Author(s): Aruna Dias, Brian JOHNSON, Neil Lopez, Jiyoon Song, Yuta Uchiyama","Chapter 4: Sustainability and resilience in a changing world",,"Global Environmental Outlook for Youth: Asia-Pacific",,25-31,"United Nations Environment Programme","United Nations Environment Programme",978-92-807-3734-9,English,"This Chapter highlights selected resilience and sustainability measures that can be implemented",https://wedocs.unep.org/bitstream/handle/20.500.11822/27285/GEO-6_Youth_AP_EN.p…,,,"10/20/2022 - 18:28",https://www.iges.or.jp/en/pub/chapter-4-sustainability-and-resilience/en
6911,Book,"Henry Scheyvens",Ecosystems,"Biodiversity & Forests",2019,"May 2019",Policymakers,"Author(s): Henry SCHEYVENS, Binaya Raj  SHIVAKOTI, Tomoko  TAKEDA, Bijon Kumer  MITRA, Sivapuram Ventaka Rama Krishna PRABHAKAR, Jintana KAWASAKI, Yasuo  TAKAHASHI, Masayuki  KAWAI, Brian JOHNSON, Ngoc-Bao  PHAM, Isao  ENDO, Taiji  FUJISAKI, Federico  LOPEZ-CASERO, Rajib Shaw, Damasa B. Magcale-Macandog
Editor(s): Henry SCHEYVENS, Binaya Raj  SHIVAKOTI","Asia-Pacific Landscape Transformations: Solutions for Sustainability",,,,"236 pages","Institute for Global Environmental Strategies","Institute for Global Environmental Strategies",978-4-88788-210-2,English,"The Asia-Pacific region faces a fundamental dilemma. Over recent decades the region has achieved",,,,"10/20/2022 - 18:28",https://www.iges.or.jp/en/pub/asia-pacific-landscape-transformations/en
6900,"Fact Sheet","Brian Johnson","Resilient Livelihoods, Water","Adaptation & Water",2018,"May 2019",Policymakers,"Author(s): Milben Bragais, Brian JOHNSON, Damasa B. Magcale-Macandog, Masayuki  KAWAI, Pankaj KUMAR, Rajarshi DASGUPTA","Land cover change and flood extent in the San Cristobal subwatershed, Philippines",,,,,"Institute for Global Environmental Strategies","Institute for Global Environmental Strategies",,English,"This fact sheet shows flood modeling results for the San Cristobal subwatershed of the",,,Philippines,"10/20/2022 - 18:28",https://www.iges.or.jp/en/pub/land-cover-change-and-flood-extent-san/en
6899,"Fact Sheet","Brian Johnson","Resilient Livelihoods, Water","Adaptation & Water",2018,"May 2019",Policymakers,"Author(s): Milben Bragais, Brian JOHNSON, Damasa B. Magcale-Macandog, Masayuki  KAWAI, Pankaj KUMAR, Rajarshi DASGUPTA","Land cover change and flood extent in the San Juan subwatershed, Philippines",,,,,"Institute for Global Environmental Strategies","Institute for Global Environmental Strategies",,English,"This fact sheet shows flood modeling results for the San Juan subwatershed of the Philippines.",,,Philippines,"10/20/2022 - 18:28",https://www.iges.or.jp/en/pub/land-cover-change-and-flood-extent-san-juan/en
6898,"Peer-reviewed Article","Brian Johnson",Ecosystems,"Adaptation & Water",2018,"June 2019","Academic / research communities","Author(s): Lei Ma, Yu Liu, Xueliang Zhang, Yuanxin Ye, Gaofei Lin, Brian JOHNSON","Deep learning in remote sensing applications: A meta-analysis and review",,"ISPRS Journal of Photogrammetry and Remote Sensing",152,166-177,"Creative Commons Attribution 4.0 (CC-BY)","Elsevier B.V.",,English,"Deep learning (DL) algorithms have seen a massive rise in popularity for remote-sensing image",https://www.sciencedirect.com/science/article/pii/S0924271619301108,,,"10/20/2022 - 18:28",https://www.iges.or.jp/en/pub/deep-learning-remote-sensing-applications-meta/en
6842,"Commissioned Report","Masayuki  Kawai",,,,"March 2019",Policymakers,"Author(s): Masayuki  KAWAI, Tetsuo  KUYAMA, Sadamitsu SAKOGUCHI, Peter  KING, Brian JOHNSON, Binaya Raj  SHIVAKOTI, Pankaj KUMAR, Rajarshi DASGUPTA, Chochoe  DEVAPORIHARTAKULA",平成30年度アジア太平洋地域における気候変動適応分野の知見共有、人材育成支援業務,,,,,"Institute for Global Environmental Strategies","Institute for Global Environmental Strategies",,Japanese,平成27年11月、日本では「気候変動の影響への適応計画」が閣議決定された。開発途上国の適応計画を支援することは日本の適応計画の戦略の一つとして盛り込まれており、,,,,"10/20/2022 - 18:29",https://www.iges.or.jp/jp/pub/%E5%B9%B3%E6%88%9030%E5%B9%B4%E5%BA%A6%E3%82%A2%E3%82%B8%E3%82%A2%E5%A4%AA%E5%B9%B3%E6%B4%8B%E5%9C%B0%E5%9F%9F%E3%81%AB%E3%81%8A%E3%81%91%E3%82%8B%E6%B0%97%E5%80%99%E5%A4%89%E5%8B%95%E9%81%A9%E5%BF%9C%E5%88%86%E9%87%8E%E3%81%AE%E7%9F%A5%E8%A6%8B%E5%85%B1%E6%9C%89%E3%80%81%E4%BA%BA%E6%9D%90%E8%82%B2%E6%88%90%E6%94%AF%E6%8F%B4%E6%A5%AD%E5%8B%99/ja
6791,"Peer-reviewed Article","Rajarshi DASGUPTA",Water,"Adaptation & Water",2019,"April 2019",Policymakers,"Author(s): Pankaj KUMAR, Rajarshi DASGUPTA, Brian JOHNSON, Mrittika Basu, Chtiresh  Saraswat, Binay Mishra","Effect of Land Use Changes on Water Quality in an Ephemeral Coastal Plain: Khambhat City, Gujarat, India",,Water,,,"Authors (creative commons)",MDPI,,English,"Rapid changes in land use and land cover pattern have exerted an irreversible change on",https://www.mdpi.com/2073-4441/11/4/724,,India,"10/20/2022 - 18:29",https://www.iges.or.jp/en/pub/effect-land-use-changes-water-quality/en
6754,"Fact Sheet","Masayuki  Kawai","Climate Change","Adaptation & Water",2019,"March 2019",Policymakers,"Author(s): Brian JOHNSON, Masayuki  KAWAI, Damasa B. Magcale-Macandog, Pankaj KUMAR, Rajarshi DASGUPTA, Milben Bragais","Integrating climate change adaptation and mitigation for land-use planning in the Philippines: A participatory, watershed-level approach",,,,,"Institute for Global Environmental Strategies","Institute for Global Environmental Strategies",,English,"Climate change adaptation and mitigation (CCA",,,Asia,"10/20/2022 - 18:29",https://www.iges.or.jp/en/pub/integrating-climate-change-adaptation-and/en
6727,"Research Report","Xin Zhou","Climate Change, Governance, Water, Energy Systems","Adaptation & Water",2018,"January 2019",Policymakers,"Author(s): Xin ZHOU, Bijon Kumer  MITRA, Devesh Sharma, G.M. Tarekul  Islam, Rabin  Malla, Diego SILVA HERRAN, Brian JOHNSON","Assessment of Climate-Induced Long-term Water Availability in the Ganges Basin and the Impacts on Energy Security in South Asia",,,,160,"Asia-Pacific Network for Global Change Research","Institute for Global Environmental Strategies",,English,"The Ganges basin provides essential water for drinking, irrigation, industrial use and cooling",http://www.apn-gcr.org/resources/items/show/1968,,"Bangladesh, Nepal, India","10/20/2022 - 18:29",https://www.iges.or.jp/en/pub/assessment-climate-induced-long-term-water-3/en
6666,"Peer-reviewed Article","Brian Johnson","Biodiversity, Mitigation","Biodiversity & Forests",2018,"February 2019",Policymakers,"Author(s): Brian JOHNSON, Rajarshi DASGUPTA, André MADER, Henry SCHEYVENS","Understanding national biodiversity targets in a REDD+ context",,"Environmental Science & Policy",92,27-33,"Elsevier B.V.","Elsevier B.V.",,English,"Forest conservation is a key component of multilateral environmental agreements related to",https://www.sciencedirect.com/science/article/pii/S1462901118309262,,"Cambodia, Lao People's Democratic Republic","10/20/2022 - 18:29",https://www.iges.or.jp/en/pub/understanding-national-biodiversity-targets/en
6665,"Peer-reviewed Article","Brian Johnson",Ecosystems,"Adaptation & Water",2018,"October 2018","Academic / research communities","Author(s): Saeid Gharechelou, Ryutaro Tateishi, Brian JOHNSON","A Simple Method for the Parameterization of Surface Roughness from Microwave Remote Sensing",,"Remote Sensing","10 (11)",1711,"Creative Commons Attribution 4.0 (CC-BY)","MDPI AG",,English,"Generally, the characterization of land surface roughness is obtained from the analysis of",https://www.mdpi.com/2072-4292/10/11/1711,,"Iran (Islamic Republic of)","10/20/2022 - 18:29",https://www.iges.or.jp/en/pub/simple-method-parameterization-surface/en
6628,"Peer-reviewed Article","Brian Johnson","Resilient Livelihoods, Adaptation","Adaptation & Water",2018,"February 2019","Academic / research communities","Author(s): Brian JOHNSON, Henry SCHEYVENS, M.A. Baqui Khalily, Akio Onishi","Investigating the relationships between climate hazards and spatial accessibility to microfinance using geographically-weighted regression",,"International Journal of Disaster Risk Reduction",33,122-130,"Elsevier B.V.","Elsevier B.V.",,English,"Microfinance institutions (MFIs) in Bangladesh provide a variety of financial services to poor",https://www.sciencedirect.com/science/article/pii/S2212420918303406?via%3Dihub=,,Bangladesh,"10/20/2022 - 18:30",https://www.iges.or.jp/en/pub/investigating-relationships-between-climate/en
6613,"Peer-reviewed Article","Brian Johnson","Resilient Livelihoods, Sustainable Societies","Adaptation & Water",2018,"September 2018","Academic / research communities","Author(s): Stefanos Georganos, Tais Grippa, Moritz Lennert, Brian JOHNSON, Eléonore Wolff","Scale Matters: Spatially Partitioned Unsupervised Segmentation Parameter Optimization for Large and Heterogeneous Satellite Images",,"Remote Sensing","10 (9)",1440,"Creative Commons Attribution 4.0 (CC-BY)","MDPI AG",,English,"To classify Very-High-Resolution (VHR) imagery, Geographic Object Based Image Analysis (GEOBIA)",http://www.mdpi.com/2072-4292/10/9/1440,,"Burkina Faso","10/20/2022 - 18:30",https://www.iges.or.jp/en/pub/scale-matters-spatially-partitioned/en
6585,"Peer-reviewed Article","Brian Johnson",Water,"Adaptation & Water",2018,"July 2018","Academic / research communities","Author(s): Haireti Alifu, Yukiko Hirayabashi, Brian JOHNSON, Jean-Francois Vuillaume, Akihiko Kondoh, Minoru Urai","Inventory of Glaciers in the Shaksgam Valley of the Chinese Karakoram Mountains, 1970–2014",,"Remote Sensing","10 (8)",1166,"Authors (creative commons)",MDPI,,English,"The Shaksgam Valley, located on the north side of the Karakoram Mountains of western China, is",http://www.mdpi.com/2072-4292/10/8/1166,,China,"10/20/2022 - 18:30",https://www.iges.or.jp/en/pub/inventory-glaciers-shaksgam-valley-chinese/en
6581,"Peer-reviewed Article","Brian Johnson",Ecosystems,"Adaptation & Water",2018,"July 2018","Academic / research communities","Author(s): Hossein Vahidi, Brian Klinkenberg, Brian JOHNSON, L. Monika Moskal, Wanglin Yan","Mapping the Individual Trees in Urban Orchards by Incorporating Volunteered Geographic Information and Very High Resolution Optical Remotely Sensed Data: A Template Matching-Based Approach",,"Remote Sensing","10 (7)",1134,"Creative Commons Attribution 4.0 (CC-BY)","MDPI AG",,English,"This paper presents a collective sensing approach that integrates imperfect Volunteered",http://www.mdpi.com/2072-4292/10/7/1134,,"Iran (Islamic Republic of)","10/20/2022 - 18:30",https://www.iges.or.jp/en/pub/mapping-individual-trees-urban-orchards/en
6519,"Peer-reviewed Article","Brian Johnson","Resilient Livelihoods, Sustainable Societies","Adaptation & Water",2017,"May 2018","Academic / research communities","Author(s): Tengyu Fu, Lei Ma, Manchun Li, Brian JOHNSON","Using convolutional neural networks to identify objects from very high-resolution remote sensing imagery",,"Journal of Applied Remote Sensing","12 (2)",025010,SPIE,SPIE,,English,"A new method for classifying land cover features in high resolution satellite imagery was",http://dx.doi.org/10.1117/1.JRS.12.025010,,,"10/20/2022 - 18:30",https://www.iges.or.jp/en/pub/using-convolutional-neural-networks-identify/en
6483,"Commissioned Report","Henry Scheyvens",,,2017,"September 2017",Policymakers,"Author(s): Henry SCHEYVENS, , Brian JOHNSON, Mustafa K. Mujeri, M.A. Baqui Khalily, Mizanur Rahman, Mehadi Hasan, Sifat E. Azam, Md. S.R. Adnan","Financial Inclusion for Disaster and Climate Resilient Households and Communities",,,,"250 pages","Japan International Cooperation Agency",,,English,"Bangladesh, being one of the most vulnerable countries to natural disasters and global climate",,,,"10/20/2022 - 18:30",https://www.iges.or.jp/en/pub/financial-inclusion-disaster-and-climate/en
6420,Presentation,"Ikuko Matsumoto",Biodiversity,"Biodiversity & Forests",2017,"December 2017","Academic / research communities","Author(s): Ikuko MATSUMOTO, Brian JOHNSON, Masayuki  KAWAI, Federico  LOPEZ-CASERO, Kazuo MATSUSHITA, Sana  OKAYASU, Yasuo  TAKAHASHI","Mapping the current landscape of science-policy interface studies on biodiversity and ecosystem services",,"The 9th Ecosystem services Partnership, World Conference","December 14, 2017 (Shenzhen, China)","1 page","Institute for Global Environmental Strategies",,,English,">Towards effective interdisciplinary SPIs
- More dynamic, iterative and collaborative",,,Worldwide,"10/20/2022 - 18:30",https://www.iges.or.jp/en/pub/mapping-current-landscape-science-policy-0/en
6419,Presentation,"Ikuko Matsumoto",Biodiversity,"Biodiversity & Forests",2017,"December 2017","Academic / research communities","Author(s): Ikuko MATSUMOTO, Brian JOHNSON, Masayuki  KAWAI, Federico  LOPEZ-CASERO, Kazuo MATSUSHITA, Sana  OKAYASU, Yasuo  TAKAHASHI","Mapping the current landscape of science-policy interface studies on biodiversity and ecosystem services",,"9th Ecosystem Services Partnership, World Conference","14 December, 2017 (Shenzhen, China)","8 pages","Institute for Global Environmental Strategies",,,English,">Towards effective interdisciplinary SPIs
- More dynamic, iterative and collaborative",,,Worldwide,"10/20/2022 - 18:30",https://www.iges.or.jp/en/pub/mapping-current-landscape-science-policy/en
6381,"Commissioned Report","Masayuki  Kawai",Adaptation,"Adaptation & Water",2017,"March 2018",Policymakers,"Author(s): Masayuki  KAWAI, Isao  ENDO, Toshizo  MAEDA, Brian JOHNSON, Robert James  DIDHAM, Peter  KING, Chochoe  DEVAPORIHARTAKULA , Chandkachorn John CHANDRATAT, Henry SCHEYVENS",平成29年度アジア太平洋地域における気候変動適応分野の知見共有、人材育成支援業務報告書,,,,,"Ministry of the Environment Japan","Institute for Global Environmental Strategies",,Japanese,"平成27 年11 月、日本では「気候変動の影響への適応計画」が閣議決定された。開発途上国の適応計画を支援することは日本の適応計画の戦略の一つとして盛り込まれており、",,,Asia,"10/20/2022 - 18:31",https://www.iges.or.jp/jp/pub/%E5%B9%B3%E6%88%9029%E5%B9%B4%E5%BA%A6%E3%82%A2%E3%82%B8%E3%82%A2%E5%A4%AA%E5%B9%B3%E6%B4%8B%E5%9C%B0%E5%9F%9F%E3%81%AB%E3%81%8A%E3%81%91%E3%82%8B%E6%B0%97%E5%80%99%E5%A4%89%E5%8B%95%E9%81%A9%E5%BF%9C%E5%88%86%E9%87%8E%E3%81%AE%E7%9F%A5%E8%A6%8B%E5%85%B1%E6%9C%89%E3%80%81%E4%BA%BA%E6%9D%90%E8%82%B2%E6%88%90%E6%94%AF%E6%8F%B4%E6%A5%AD%E5%8B%99%E5%A0%B1%E5%91%8A%E6%9B%B8/ja
6356,"Fact Sheet","Brian Johnson","Resilient Livelihoods","Adaptation & Water",2017,"April 2018",Policymakers,"Author(s): Milben A. Bragais, Brian JOHNSON, Donald Luna, Akio Onishi, Isao  ENDO, Damasa B. Magcale-Macandog, Masayuki  KAWAI","Land cover change and flood extent in the Pila-Victoria subwatershed, Philippines",,,,,"Institute for Global Environmental Strategies","Institute for Global Environmental Strategies",,English,"This 1-pager shows the potential impacts of land-use change on flooding in the Pila-Victoria",,,Philippines,"10/20/2022 - 18:31",https://www.iges.or.jp/en/pub/land-cover-change-and-flood-extent-pila/en
6355,"Fact Sheet","Brian Johnson","Resilient Livelihoods","Adaptation & Water",2017,"April 2018",Policymakers,"Author(s): Milben A. Bragais, Brian JOHNSON, Donald Luna, Akio Onishi, Isao  ENDO, Damasa B. Magcale-Macandog, Masayuki  KAWAI","Land cover change and flood extent in the Los Baños subwatershed, Philippines",,,,,"Institute for Global Environmental Strategies","Institute for Global Environmental Strategies",,English,"This 1-pager shows the potential impacts of land-use change on flooding in the Los Baños",,,Philippines,"10/20/2022 - 18:31",https://www.iges.or.jp/en/pub/land-cover-change-and-flood-extent-los-ba%C3%B1os/en
6149,"Peer-reviewed Article","Brian Johnson",Ecosystems,"Adaptation & Water",2017,"February 2018","Academic / research communities","Author(s): Stefanos Georganos, Moritz Lennert, Tais Grippa, Sabine Vanhuysse, Brian JOHNSON, Eleonore Wolff","Normalization in Unsupervised Segmentation Parameter Optimization: A Solution Based on Local Regression Trend Analysis",,"Remote Sensing","10 (2)",222,"Creative Commons Attribution 4.0 (CC-BY)",MDPI,,English,"In object-based image analysis (OBIA), the appropriate parametrization of segmentation",http://www.mdpi.com/2072-4292/10/2/222,,Worldwide,"10/20/2022 - 18:31",https://www.iges.or.jp/en/pub/normalization-unsupervised-segmentation/en
6136,"Peer-reviewed Article","Brian Johnson","Ecosystems, Sustainable Societies","Adaptation & Water",2017,"January 2018","Academic / research communities","Author(s): Brian JOHNSON, Shahab Jozdani","Identifying Generalizable Image Segmentation Parameters for Urban Land Cover Mapping through Meta-Analysis and Regression Tree Modeling",,"Remote Sensing","10 (1)",73,"Creative Commons Attribution 4.0 (CC-BY)","MDPI AG",,English,"The advent of very high resolution (VHR) satellite imagery and the development of Geographic",http://www.mdpi.com/2072-4292/10/1/73,,Worldwide,"10/20/2022 - 18:31",https://www.iges.or.jp/en/pub/identifying-generalizable-image-segmentation/en
6096,"Peer-reviewed Article","Brian Johnson","Sustainable Cities and Transport, Adaptation","Adaptation & Water",2017,"March 2018","Academic / research communities","Author(s): Shahab E. Jozdani, Mehdi Momeni, Brian JOHNSON, Mehran Sattari","A regression modelling approach for optimizing segmentation scale parameters to extract buildings of different sizes",,"International Journal of Remote Sensing","39: 3",684-703,"Taylor & Francis Group","Taylor & Francis Group",,English,"Multiresolution segmentation (MRS) is one of the most commonly used image segmentation",http://www.tandfonline.com/doi/full/10.1080/01431161.2017.1390273,,,"10/20/2022 - 18:32",https://www.iges.or.jp/en/pub/regression-modelling-approach-optimizing/en
6083,"Peer-reviewed Article","Brian Johnson","Adaptation, Resilient Livelihoods","Adaptation & Water",2017,"July 2017","Academic / research communities","Author(s): Isao  ENDO, Damasa B. Magcale-Macandog, Satoshi KOJIMA, Brian JOHNSON, Milben A. Bragais, Paula B Macandog, Henry SCHEYVENS","Participatory land-use approach for integrating climate change adaptation and mitigation into basin-scale local planning",,"Sustainable Cities and Society",35,47-56,"Elsevier B.V.","Elsevier B.V.",,English,"Literature suggests a significant potential for synergies among climate change adaptation and",http://www.sciencedirect.com/science/article/pii/S2210670716303286,,Philippines,"10/20/2022 - 18:32",https://www.iges.or.jp/en/pub/participatory-land-use-approach-integrating/en
6082,"Peer-reviewed Article","Brian Johnson",Ecosystems,"Adaptation & Water",2017,"September 2017","Academic / research communities","Author(s): Juan Carlos Laso Bayas, Myroslava Lesiv, Francois Waldner, Anne Schucknecht, Martina Duerauer, Linda See, Steffen Fritz, Dilek Fraisl, Inian Moorthy, Ian McCallum, Christoph Perger, Olha Danylo, Pierre Defourny, Javier Gallego, Sven Gilliams, Ibrar ul Hassan Akhtar, Swarup Jyoti Baishya, Mrinal Baruah, Khangsembou Bungnamei, Alfredo Campos, Trishna Changkakati, Anna Cipriani, Khrishna Das, Keemee Das, Inamani Das, Kyle Frankel Davis, Purabi Hazarika, Brian JOHNSON, Ziga Malek, Monia Elisa Molinari, Kripal Panging, Chandra Kant Pawe, Ana Perez-Hoyos, Parag Kumar Sahariah, Dhrubajyoti Sahariah, Anup Saikia, Meghna Saikia, Peter Schlesinger, Elena Seidacaru, Kuleswar Singha, John W Wilson","A global reference database of crowdsourced cropland data collected using the Geo-Wiki platform",,"Scientific Data",4:170136,,"Creative Commons Attribution 4.0 (CC-BY)",,,English,"The paper provides details on a global reference data set on cropland locations, collected",https://www.nature.com/articles/sdata2017136,,Worldwide,"10/20/2022 - 18:32",https://www.iges.or.jp/en/pub/global-reference-database-crowdsourced/en
6024,"Conference Paper","Brian Johnson",,"Adaptation & Water",2016,"July 2017","Academic / research communities","Author(s): Brian JOHNSON, Isao  ENDO, Akio Onishi, Milben Bragais, Damasa B. Magcale-Macandog, Emily Skeehan","A land cover map accuracy metric for hydrological studies",,"Proceedings of the 16th World Lake Conference","Bali, Indonesia",191-195,"Creative Commons Attribution 4.0 (CC-BY)",,,English,"Land cover (LC) has a significant impact on rainfall-runoff dynamics of a watershed, so LC maps",,,,"10/20/2022 - 18:32",https://www.iges.or.jp/en/pub/land-cover-map-accuracy-metric-hydrological/en
6013,"Book Chapter","Brian Johnson",Ecosystems,"Adaptation & Water",2017,"July 2017","Academic / research communities","Author(s): Brian JOHNSON, Henry SCHEYVENS, Hiromitsu SAMEJIMA
Editor(s): Masami Onoda, Oran Young","Quantitative Assessment of the Earth Observation Data and Methods Used to Generate Reference Emission Levels for REDD+",,"Satellite Earth Observations and Their Impact on Society and Policy",,155-169,"Creative Commons Attribution 4.0 (CC-BY)",Springer,978-981-10-3713-9,English,"REDD+, a policy framework through which developing countries can receive incentives for reducing",https://link.springer.com/book/10.1007/978-981-10-3713-9,,Worldwide,"10/20/2022 - 18:32",https://www.iges.or.jp/en/pub/quantitative-assessment-earth-observation-0/en
6012,"Book Chapter","Brian Johnson",Ecosystems,"Adaptation & Water",2016,"July 2017","Academic / research communities","Author(s): Yasuko Kasai, Setsuko Aoki, Akiko Aizawa, Akiko Okamatsu, Tomohiro Sato, Masami Onoda, Brian JOHNSON
Editor(s): Masami Onoda, Oran Young","Policy and Earth Observation Innovation Cycle (PEOIC) Project (Japan)",,"Satellite Earth Observations and Their Impact on Society and Policy",,31-60,"Creative Commons Attribution 4.0 (CC-BY)",Springer,978-981-10-3712-2,English,"This chapter describes the PEOIC (Policy and Earth Observation Innovation Cycle) project",https://link.springer.com/book/10.1007/978-981-10-3713-9,,Worldwide,"10/20/2022 - 18:32",https://www.iges.or.jp/en/pub/policy-and-earth-observation-innovation-cycle/en
5977,"Fact Sheet","Isao  Endo",,,,"March 2015",Policymakers,"Author(s): Milben A. Bragais, Brian JOHNSON, Damasa B. Magcale-Macandog, Isao  ENDO","Land cover change and flood extent in Silang-Sta. Rosa sub-watershed",,,,,"Institute for Global Environmental Strategies",,,English,"The current (2014) and future (2025) land cover maps were generated and analyzed for flood",,,,"09/12/2022 - 16:55",https://www.iges.or.jp/en/pub/land-cover-change-and-flood-extent-silang-sta/en
5976,"Issue Brief","Isao  Endo",,,,"March 2016",Policymakers,"Author(s): Isao  ENDO, Damasa B. Magcale-Macandog, Satoshi KOJIMA, Brian JOHNSON, Milben Bragais, Muneyuki NAKATA, Paula B.  Macandog, Henry SCHEYVENS, Yohei CHIBA","Making land-use climate-sensitive: A pilot to integrate climate change adaptation and mitigation (Updated 2015-2016)",,,,,"Institute for Global Environmental Strategies",,,English,"While synergies among climate change adaptation and mitigation (CCA",,,,"09/12/2022 - 16:55",https://www.iges.or.jp/en/pub/making-land-use-climate-sensitive-pilot-0/en
5975,"Peer-reviewed Article","Brian Johnson","Resilient Livelihoods","Adaptation & Water",2017,"June 2017",Policymakers,"Author(s): Kotaro Iizuka, Brian JOHNSON, Akio Onishi, Damasa B. Magcale-Macandog, Isao  ENDO, Milben Bragais","Modeling Future Urban Sprawl and Landscape Change in the Laguna de Bay Area, Philippines",,Land,"6 (2)",26,"Creative Commons Attribution 4.0 (CC-BY)","MDPI AG",,English,"This study uses a spatially-explicit land-use/land-cover (LULC) modeling approach to model and",http://www.mdpi.com/2073-445X/6/2/26,,Philippines,"10/20/2022 - 18:32",https://www.iges.or.jp/en/pub/modeling-future-urban-sprawl-and-landscape/en
5960,"Conference Paper","Isao  Endo",,,,"March 2017","Academic / research communities","Author(s): Isao  ENDO, Brian JOHNSON, Emily Skeehan","Relationsihp between land cover changes and water quality changes in Laguna de Bay, the Philippines, over the 2007-2015 period",,,,,"International Lake Environment Committee",,,English,"In this study, we assessed the relationship between land cover change and changes in water",,,,"10/20/2022 - 18:32",https://www.iges.or.jp/en/pub/relationsihp-between-land-cover-changes-and/en
5959,"Conference Paper","Isao  Endo",,,,"March 2017",Policymakers,"Author(s): Damasa Magcale-Macandog, Isao  ENDO, Brian JOHNSON, Akio Onishi, Muneyuki NAKATA, Milben Bragais, Paula Macandog","Improving land use to make cities low carbon and climate-resilient: the Silang-Sta. Rosa subwatershed the Philippines",,,,,"Wuppertal Institute",,,English,"The Silang-Sta. Rosa subwatershed has undergone massive land use changes in the past two decades",,,,"10/20/2022 - 18:32",https://www.iges.or.jp/en/pub/improving-land-use-make-cities-low-carbon-and/en
5834,"Fact Sheet","Isao  Endo",,"Climate and Energy",,"March 2017",Policymakers,"Author(s): Milben A. Bragais, Brian JOHNSON, Akio Onishi, Isao  ENDO, Damasa B. Magcale-Macandog","Outflow of Different Land-use Scenarios under Down-scaled GCM in Silang-Sta. Rosa Subwatershed, Philippines",,,,,"Institute for Global Environmental Strategies","Institute for Global Environmental Strategies",,English,"Three land-use scenarios (current: 2014 LU-Ls8, future: 2025 LU-Pm, and future: 2025 LU-Pop)",,,,"09/04/2023 - 17:56",https://www.iges.or.jp/en/pub/outflow-different-land-use-scenarios-under/en
5832,"Fact Sheet","Isao  Endo","Climate Change","Adaptation & Water",,"March 2017",Policymakers,"Author(s): Milben A. Bragais, Brian JOHNSON, Akio  Onishi, Isao  ENDO, Damasa B. Magcale-Macandog","Flood Extent of Different Land-use Scenarios under Event-based Precipitation in Silang-Sta. Rosa Subwatershed, Philippines",,,,,"Institute for Global Environmental Strategies","Institute for Global Environmental Strategies",,English,"Three land-use scenarios (current: 2014 LU-Ls8, future: 2025 LU-Pm, and future: 2025 LU-Pop)",,,,"10/20/2022 - 18:32",https://www.iges.or.jp/en/pub/flood-extent-different-land-use-scenarios/en
5735,"Commissioned Report","Makino Yamanoshita","Market Mechanisms, Mitigation, Forests","Adaptation & Water",2016,"March 2017",Policymakers,"Author(s): Makino YAMANOSHITA, Hiromitsu SAMEJIMA, Henry SCHEYVENS, Jintana KAWASAKI, Brian JOHNSON, Masayuki  KAWAI, Kimihiko HYAKUMURA, Taiji  FUJISAKI, Federico  LOPEZ-CASERO","平成28 年度 二国間クレジット制度の下でのREDD+の効果的な実施 に向けた国際的な動向に関する調査・分析等業務 報告書",,,,"172 pages","Ministry of the Environment Japan",,,Japanese,REDD+の効果的な実施に向けた具体的な方策を示すため、REDD+の国際的な制度の動向等について多角的に調査・分析を行い、得られた結果について体系的に整理した。１－,,,"Japan, Cambodia, Indonesia, Lao People's Democratic Republic, Viet Nam, Costa Rica","10/20/2022 - 18:32",https://www.iges.or.jp/jp/pub/%E5%B9%B3%E6%88%9028-%E5%B9%B4%E5%BA%A6-%E4%BA%8C%E5%9B%BD%E9%96%93%E3%82%AF%E3%83%AC%E3%82%B8%E3%83%83%E3%83%88%E5%88%B6%E5%BA%A6%E3%81%AE%E4%B8%8B%E3%81%A7%E3%81%AEredd%E3%81%AE%E5%8A%B9%E6%9E%9C%E7%9A%84%E3%81%AA%E5%AE%9F%E6%96%BD/ja
5688,"Peer-reviewed Article","Brian Johnson",,"Adaptation & Water",2016,"March 2017","Academic / research communities","Author(s): Brian JOHNSON, Isao  ENDO, Kotaro Iikuka, Milben Bragais, Damasa B. Magcale-Macandog","Employing crowdsourced geographic data and multi-temporal/ multi-sensor satellite imagery to monitor land cover change: A case study in an urbanizing region of the Philippines",,"Computers, Environment and Urban Systems",64,184-193,"Elsevier B.V.","Elsevier B.V.",,English,"Land cover change (LCC) can have a significant impact on human and environmental well-being. LCC",http://www.sciencedirect.com/science/article/pii/S0198971516302149,,Philippines,"10/20/2022 - 18:32",https://www.iges.or.jp/en/pub/employing-crowdsourced-geographic-data-and/en
5678,"Data or Tool","Brian Johnson",Ecosystems,"Adaptation & Water",2016,"February 2017","Academic / research communities","Author(s): Brian JOHNSON","OpenStreetMap land cover change dataset (for Laguna de Bay, Philippines)",,,,,"Open Access (Creative Common Attribute 3.0 License)",,,English,"This dataset contains supplementary material",https://pub.iges.or.jp/static_downloads/OSM_land_cover_data.zip,,Philippines,"10/20/2022 - 18:32",https://www.iges.or.jp/en/pub/openstreetmap-land-cover-change-dataset-laguna/en
5540,"Peer-reviewed Article",,Adaptation,"Adaptation & Water",2016,"July 2016","Academic / research communities","Author(s): HAQUE Md. Enamul, AL-RAMADAN Baqer, Brian JOHNSON","Rule-based land cover classification from very high-resolution satellite image with multiresolution segmentation",,"Journal of Applied Remote Sensing","10 (3)",036004,SPIE,SPIE,,English,"Multiresolution segmentation and rule-based classification techniques are used to classify",http://remotesensing.spiedigitallibrary.org/article.aspx?articleid=2534042,,Worldwide,"09/12/2022 - 16:57",https://www.iges.or.jp/en/pub/rule-based-land-cover-classification-very-high/en
5144,"Peer-reviewed Article",,"Forests, Green Economy Pathways","Biodiversity & Forests, Integrated Sustainability Centre",2016,"July 2016","Academic / research communities","Author(s): Brian JOHNSON, Henry SCHEYVENS, Hiromitsu SAMEJIMA, Masami ONODA","Characteristics of the remote sensing data used in the proposed UNFCCC REDD+ forest reference emission levels (FRELs)",,"The International Archives of the Photogrammetry, Remote Sensing and Spatial Information Sciences",XLI-B8,669-672,"Open Access (Creative Common Attribute 3.0 License)","International Society for Photogrammetry and Remote Sensing",,English,"Developing countries must submit forest reference emission levels (FRELs) to the UNFCCC to",,,Worldwide,"09/12/2022 - 16:57",https://www.iges.or.jp/en/pub/characteristics-remote-sensing-data-used/en
5374,"Commissioned Report",,"Low-Carbon Societies","Strategic Management Office",2015,"March 2016",Policymakers,"Author(s): Tomoko  ISHIKAWA",平成27年度気候変動に強靭な低炭素社会構築専門家世界ネットワーク委託業務報告書,,,,,"Ministry of the Environment Japan",,,Japanese,,,,,"09/12/2022 - 16:58",https://www.iges.or.jp/jp/pub/%E5%B9%B3%E6%88%9027%E5%B9%B4%E5%BA%A6%E6%B0%97%E5%80%99%E5%A4%89%E5%8B%95%E3%81%AB%E5%BC%B7%E9%9D%AD%E3%81%AA%E4%BD%8E%E7%82%AD%E7%B4%A0%E7%A4%BE%E4%BC%9A%E6%A7%8B%E7%AF%89%E5%B0%82%E9%96%80%E5%AE%B6%E4%B8%96%E7%95%8C%E3%83%8D%E3%83%83%E3%83%88%E3%83%AF%E3%83%BC%E3%82%AF%E5%A7%94%E8%A8%97%E6%A5%AD%E5%8B%99%E5%A0%B1%E5%91%8A%E6%9B%B8/ja
5341,"Training or Learning Material",,"Adaptation, Sustainable Transitions","Adaptation & Water",2015,"April 2016",Policymakers,"Author(s): Isao  ENDO, Robert James  DIDHAM
Editor(s): Luis Patron","Participatory watershed land-use management approach: Interfacing science, policy and participation for effective decision making","IGES e-Learning Video Series",,"video 2 of 2",,"Institute for Global Environmental Strategies","Patron Productions, Institute for Global Environmental Strategies",,English,,https://www.youtube.com/watch?v=An47ybg8xrA&list=PLNNslwnSnPNAvWB51uk8QnSbTWzuq…,,Philippines,"09/12/2022 - 16:58",https://www.iges.or.jp/en/pub/participatory-watershed-land-use-management-0/en
5310,Presentation,,"Adaptation, Low-Carbon Societies","Adaptation & Water",2015,"January 2016",Policymakers,"Author(s): Isao  ENDO, Brian JOHNSON, Damasa B. Magcale-Macandog, Satoshi KOJIMA, Milben A. Bragais","Participatory Watershed Land-use Management: An approach for integrated climate change actions",,"Urban Resilience to Climate Change and Green Growth in Critical Watersheds of the Philippines",,,"Institute for Global Environmental Strategies",,,English,,,,,"09/12/2022 - 16:58",https://www.iges.or.jp/en/pub/participatory-watershed-land-use-management/en
5037,"Peer-reviewed Article",,"Water, Green Economy Pathways","Biodiversity & Forests, Integrated Sustainability Centre",2015,"February 2016","Academic / research communities","Author(s): Haireti ALIFU, Brian JOHNSON, Ryutaro TATEISHI","Delineation of debris-covered glaciers based on a combination of geomorphometric parameters and a TIR/NIR/SWIR band ratio",,"IEEE Journal of Selected Topics in Applied Earth Observations and Remote Sensing","9 (2)",781-792,"Institute of Electrical and Electronics Engineers","Institute of Electrical and Electronics Engineers",,English,"Accurate mapping of glaciers is important for management of water resources, studying glacier",http://ieeexplore.ieee.org/xpl/login.jsp?tp=&arnumber=7352301&url=http%3A//ieee…,,,"09/12/2022 - 16:58",https://www.iges.or.jp/en/pub/delineation-debris-covered-glaciers-based/en
5094,"Peer-reviewed Article",,"Green Economy Pathways","Biodiversity & Forests, Integrated Sustainability Centre",2015,"March 2016","Academic / research communities","Author(s): Saeid GHARECHELOU, Ryutaro TATEISHI, SCHARMA Ram C., Brian JOHNSON","Soil moisture mapping in an arid area using a land unit area (LUA) sampling approach and geostatistical interpolation techniques",,"ISPRS International Journal of Geo-Information","5 (3)",35,"Open Access (Creative Common Attribute 3.0 License)","MDPI, International Society for Photogrammetry and Remote Sensing",,English,"Soil moisture (SM) plays a key role in many environmental processes and has a high spatial and",http://www.mdpi.com/2220-9964/5/3/35,,"Eastern Asia","09/12/2022 - 16:58",https://www.iges.or.jp/en/pub/soil-moisture-mapping-arid-area-using-land/en
4979,"Peer-reviewed Article",,"Adaptation, Green Economy Pathways","Adaptation & Water",2015,"February 2016","Academic / research communities","Author(s): Brian JOHNSON, Kotaro IIZUKA","Integrating OpenStreetMap crowdsourced data and Landsat time-series imagery for rapid land use/land cover (LULC) mapping: Case study in the Laguna de Bay area of the Philippines",,"Applied Geography",67,140-149,"Elsevier B.V.","Elsevier B.V.",,English,"We use crowdsourced GIS data from OpenStreetMap to help automate the mapping of land cover in",http://www.sciencedirect.com/science/article/pii/S0143622815300321,,Philippines,"09/12/2022 - 16:59",https://www.iges.or.jp/en/pub/integrating-openstreetmap-crowdsourced-data/en
5081,"Data or Tool",,"Adaptation, Green Economy Pathways","Adaptation & Water",2015,"January 2016",Policymakers,"Author(s): Brian JOHNSON, Isao  ENDO, MAGCALE-MACANDOG Damasa B., Milben BRAGAIS, MACANDOG Paula Beatrice M.","Recent land cover change in the Silang-Sta. Rosa sub-watershed of the Philippines, and implications for flood risk",,,,1,"Institute for Global Environmental Strategies","Institute for Global Environmental Strategies",,English,"We analyzed the change in vegetated and urban (impervious) area in the Silang-Santa Rosa sub-",,,Philippines,"09/12/2022 - 16:59",https://www.iges.or.jp/en/pub/recent-land-cover-change-silang-sta-rosa-sub/en
5054,Presentation,,"Green Economy Pathways","Integrated Sustainability Centre",2015,"November 2015","Academic / research communities","Author(s): Brian JOHNSON, Kotaro IIZUKA, Isao  ENDO, MAGCALE-MACANDOG Damasa B., Milben BRAGAIS","Using OpenStreetMap (OSM) data and Landsat imagery for land cover mapping",,"The 18th Symposium on Environmental Remote Sensing (in Chiba City, Japan)",,,"Institute for Global Environmental Strategies",,,English,"We developed a fast method for land cover mapping using satellite imagery and crowdsourced",http://www.cr.chiba-u.jp/japanese/20th_anniv_info.html,,Philippines,"09/12/2022 - 16:59",https://www.iges.or.jp/en/pub/using-openstreetmap-osm-data-and-landsat/en
5057,"Data or Tool",,"Adaptation, Green Economy Pathways","Adaptation & Water",2015,"December 2015","Academic / research communities","Author(s): Brian JOHNSON, Kotaro IIZUKA","Crowdsourced (OpenStreetMap) dataset for land use/land cover mapping",,,,,"Institute for Global Environmental Strategies",,,English,"This dataset can be used by researchers to test different land use/land cover mapping methods",http://www.sciencedirect.com/science/article/pii/S0143622815300321,,Philippines,"09/12/2022 - 16:59",https://www.iges.or.jp/en/pub/crowdsourced-openstreetmap-dataset-land/en
3861,"Peer-reviewed Article",,Forests,"Biodiversity & Forests",2014,"July 2014","Academic / research communities","Author(s): Brian JOHNSON, Henry SCHEYVENS, Binaya Raj  SHIVAKOTI","An ensemble pansharpening approach for finer-scale mapping of sugarcane in Landsat 8 imagery",,"International Journal of Applied Earth Observation and Geoinformation",,,"Elsevier B.V.",,,English,"In this study we tested the impacts of three fast pansharpening methods – Intensity-Hue-",http://www.sciencedirect.com/science/article/pii/S0303243414001366,,Nepal,"09/12/2022 - 17:03",https://www.iges.or.jp/en/pub/ensemble-pansharpening-approach-finer-scale/en
4405,"Peer-reviewed Article",,"Green Economy Pathways","Integrated Sustainability Centre",2014,"April 2015","Academic / research communities","Author(s): Haireti ALIFU, Ryutaro TATEISHI, Brian JOHNSON","A new band ratio technique for mapping debris-covered glacier using Landsat imagery and a digital elevation model",,"International Journal of Remote Sensing","36 (8)",2063-2075,"Taylor & Francis Group","Taylor & Francis Group",,English,"A remote sensing-based method was developed for mapping debris-covered glaciers. It is",http://www.tandfonline.com/doi/full/10.1080/2150704X.2015.1034886,,China,"09/12/2022 - 17:03",https://www.iges.or.jp/en/pub/new-band-ratio-technique-mapping-debris/en
4480,"Peer-reviewed Article",,"Adaptation, Green Economy Pathways","Adaptation & Water",2015,"December 2015","Academic / research communities","Author(s): Brian JOHNSON, Milben BRAGAIS, Isao  ENDO, MAGCALE-MACANDOG Damasa, MACANDOG Paula Beatrice","Image segmentation parameter optimization considering within- and between-segment heterogeneity at multiple scale levels: test case for mapping residential areas using Landsat imagery",,"ISPRS International Journal of Geo-Information","4 (4)",2292-2305,"Institute for Global Environmental Strategies","Institute for Global Environmental Strategies, International Society for Photogrammetry and Remote Sensing, MDPI",,English,"We developed a method for mapping residential areas using freely available satellite imagery.",http://www.mdpi.com/2220-9964/4/4/2292/htm,,Philippines,"09/12/2022 - 17:03",https://www.iges.or.jp/en/pub/image-segmentation-parameter-optimization/en
4964,"Peer-reviewed Article",,"Forests, Green Economy Pathways","Integrated Sustainability Centre, Adaptation & Water",2015,"October 2015","Academic / research communities","Author(s): Brian JOHNSON","Scale issues related to the accuracy assessment of land use/land cover maps produced using multi-resolution data",,"Remote Sensing","7 (10)",13436-13439,"Institute for Global Environmental Strategies","MDPI, International Society for Photogrammetry and Remote Sensing",,English,"This paper demonstrates the importance of considering scale issues when estimating the accuracy",http://www.mdpi.com/2072-4292/7/10/13436,,,"09/12/2022 - 17:03",https://www.iges.or.jp/en/pub/scale-issues-related-accuracy-assessment-land/en
4978,Presentation,,"Adaptation, Green Economy Pathways","Integrated Sustainability Centre, Adaptation & Water",2015,"September 2015",Policymakers,"Author(s): Brian JOHNSON","Estimating CO2 emissions from land use change in the Silang-Santa Rosa subwatershed (2014-2025)",,"Lake Laguna Development Authority Consultation Meeting (Manila, Philippines)",,,"Institute for Global Environmental Strategies",,,English,"CO2 emissions from expected land use change were calculated using GIS techniques. ~500,000 tons",,,Philippines,"09/12/2022 - 17:03",https://www.iges.or.jp/en/pub/estimating-co2-emissions-land-use-change/en
4893,"Peer-reviewed Article",,"Green Economy Pathways, Water","Adaptation & Water",2014,"March 2015",Policymakers,"Author(s): Xin ZHOU, Bijon Kumer  MITRA, Brian JOHNSON, Devesh Sharma, G.M. Tarekul Islam, Rabin Malla","Integrated Assessment of Climate-Induced Long-Term Water Availability in Ganges Basin and Impacts on Energy Security in South Asia",,"In APN Science Bulletin, Asia-Pacific Network for Global Change Research","Issue 5, March 2015",p.62,"Asia-Pacific Network for Global Change Research","Asia-Pacific Network for Global Change Research","ISSN 2185-761X",English,,,,"Bangladesh, India, Nepal","09/12/2022 - 17:04",https://www.iges.or.jp/en/pub/integrated-assessment-climate-induced-long-0/en
4877,"Data or Tool",,"Green Economy Pathways, Forests","Integrated Sustainability Centre, Biodiversity & Forests",2015,"June 2015","Academic / research communities","Author(s): Brian JOHNSON","Forest type mapping Data Set",,"UCI Machine Learning Repository",,,"Institute for Global Environmental Strategies",,,English,"This data set (http://",http://archive.ics.uci.edu/ml/datasets/Forest+type+mapping,,Japan,"09/12/2022 - 17:04",https://www.iges.or.jp/en/pub/forest-type-mapping-data-set/en
4476,"Peer-reviewed Article",,"Forests, Green Economy Pathways","Biodiversity & Forests, Integrated Sustainability Centre",2015,"August 2015",Policymakers,"Author(s): Brian JOHNSON","Combining national forest type maps with annual global tree cover maps to better understand forest change over time: Case study for Thailand",,"Applied Geography",62,294-300,"Elsevier B.V.","Elsevier B.V.",,English,"This study provides a computationally-simple method to annually update existing national forest",http://www.sciencedirect.com/science/article/pii/S0143622815001319,,Thailand,"09/12/2022 - 17:04",https://www.iges.or.jp/en/pub/combining-national-forest-type-maps-annual/en
4586,"Commissioned Report",,Forests,"Biodiversity & Forests",2014,"March 2015",Policymakers,"Author(s): Taiji  FUJISAKI, Makino YAMANOSHITA, Henry SCHEYVENS, Jintana KAWASAKI, Ambiyah ABDULLAH, Brian JOHNSON","平成２６年度二国間クレジット制度の構築に係る途上国等人材育成支援委託業務報告書 3",,,,"363 pages","Ministry of the Environment Japan",,,Japanese,,,,,"09/12/2022 - 17:04",https://www.iges.or.jp/jp/pub/%E5%B9%B3%E6%88%90%EF%BC%92%EF%BC%96%E5%B9%B4%E5%BA%A6%E4%BA%8C%E5%9B%BD%E9%96%93%E3%82%AF%E3%83%AC%E3%82%B8%E3%83%83%E3%83%88%E5%88%B6%E5%BA%A6%E3%81%AE%E6%A7%8B%E7%AF%89%E3%81%AB%E4%BF%82%E3%82%8B%E9%80%94%E4%B8%8A%E5%9B%BD%E7%AD%89%E4%BA%BA%E6%9D%90%E8%82%B2%E6%88%90%E6%94%AF%E6%8F%B4%E5%A7%94%E8%A8%97%E6%A5%AD%E5%8B%99%E5%A0%B1%E5%91%8A%E6%9B%B8-3/ja
4564,"Peer-reviewed Article",,Water,"Adaptation & Water",2014,"March 2015","Academic / research communities","Author(s): Xin ZHOU, Bijon Kumer  MITRA, Brian JOHNSON, Devesh Sharma, G.M. Tarekul Islam, Rabin Malla","Integrated Assessment of Climate-Induced Long-Term Water Availability in Ganges Basin and Impacts on Energy Security in South Asia",,"APN Science Bulletin 2015",,,"Asia-Pacific Network for Global Change Research",,,English,,,,,"09/12/2022 - 17:04",https://www.iges.or.jp/en/pub/integrated-assessment-climate-induced-long/en
4465,"Issue Brief",,"Adaptation, Green Economy Pathways","Adaptation & Water",2014,"March 2015",Policymakers,"Author(s): Isao  ENDO, Brian JOHNSON, Satoshi KOJIMA, Yohei CHIBA, Muneyuki NAKATA, Milben Bragais, Damasa B. Magcale-Macandog, Paula B. Macandog
Editor(s): Henry SCHEYVENS","Making land-use climate-sensitive: A pilot to integrate climate change adaptation and mitigation",,,,,"Institute for Global Environmental Strategies",,,English,,,,,"09/12/2022 - 17:05",https://www.iges.or.jp/en/pub/making-land-use-climate-sensitive-pilot/en
4466,"Issue Brief",,Adaptation,"Adaptation & Water",2015,"March 2014",Policymakers,"Author(s): Isao  ENDO, Brian JOHNSON, Satoshi KOJIMA, Yohei CHIBA, Muneyuki NAKATA, Milben Bragais, Damasa B. Magcale-Macandog, Paula B. Macandog",気候変動に配慮した土地利用の改善：緩和及び適応策の統合的実施に向けたパイロット事業,,,,,"Institute for Global Environmental Strategies",,,Japanese,,,,,"09/12/2022 - 17:05",https://www.iges.or.jp/jp/pub/%E6%B0%97%E5%80%99%E5%A4%89%E5%8B%95%E3%81%AB%E9%85%8D%E6%85%AE%E3%81%97%E3%81%9F%E5%9C%9F%E5%9C%B0%E5%88%A9%E7%94%A8%E3%81%AE%E6%94%B9%E5%96%84%EF%BC%9A%E7%B7%A9%E5%92%8C%E5%8F%8A%E3%81%B3%E9%81%A9%E5%BF%9C%E7%AD%96%E3%81%AE%E7%B5%B1%E5%90%88%E7%9A%84%E5%AE%9F%E6%96%BD%E3%81%AB%E5%90%91%E3%81%91%E3%81%9F%E3%83%91%E3%82%A4%E3%83%AD%E3%83%83%E3%83%88%E4%BA%8B%E6%A5%AD/ja
4412,"Peer-reviewed Article",,"Forests, Green Economy Pathways","Biodiversity & Forests, Integrated Sustainability Centre",2014,"March 2015","Academic / research communities","Author(s): Brian JOHNSON","Remote sensing image fusion at the segment level using a spatially-weighted approach: Applications for land cover spectral analysis and mapping",,"ISPRS International Journal of Geo-Information","4 (1)",172-184,"Institute for Global Environmental Strategies",MDPI,,English,"A new method was developed for mapping forest, agricultural, and urban land cover using remote",http://www.mdpi.com/2220-9964/4/1/172,,"United States of America, Thailand","09/12/2022 - 17:05",https://www.iges.or.jp/en/pub/remote-sensing-image-fusion-segment-level/en
4324,"Conference Paper",,"Green Economy Pathways","Biodiversity & Forests, Integrated Sustainability Centre",2014,"November 2014","Academic / research communities","Author(s): Brian JOHNSON, Masami ONODA, Henry SCHEYVENS","Recent trends in the use of remote sensing to address environmental issues",,"57th Autumn Conference of the Remote Sensing Society of Japan",,229-230,RSSJ,,,English,"In this study, we investigated trends in the use of remote sensing (RS) to address some major",,,,"09/12/2022 - 17:10",https://www.iges.or.jp/en/pub/recent-trends-use-remote-sensing-address/en
4338,"Conference Paper",,,"Integrated Sustainability Centre",2013,"October 2013","Academic / research communities","Author(s): HOAN Nguyen Thanh, Ryutaro TATEISHI, Brian JOHNSON","Cloud removal of MODIS 250m 8-day image composites: problem and solution",,"Asian Conference on Remote Sensing (2013). Bali, Indonesia, 20-24 October.",,,"Asian Association on Remote Sensing","Asian Association on Remote Sensing",,English,"This study proposed a method to remove clouds from MODIS 250 meter, 8-day composite imagery for",http://a-a-r-s.org/acrs/index.php/acrs/acrs-overview/proceedings-1?view=publica…,,Worldwide,"09/12/2022 - 17:10",https://www.iges.or.jp/en/pub/cloud-removal-modis-250m-8-day-image/en
4314,"Conference Paper",,"Green Economy Pathways","Biodiversity & Forests, Integrated Sustainability Centre",2014,"October 2014","Academic / research communities","Author(s): Masami ONODA, Yasuko KASAI, Setsuko AOKI, Akiko AIZAWA, Brian JOHNSON","A study on methods for assessment of the impact of Earth observations on environmental policy",,"65th International Astronautical Congress",,,"International Astronautical Federation",,,English,"The goal of this research is to develop a method for quantitative and objective assessment of",,,Worldwide,"09/12/2022 - 17:10",https://www.iges.or.jp/en/pub/study-methods-assessment-impact-earth/en
4309,Presentation,,"Green Economy Pathways","Biodiversity & Forests, Integrated Sustainability Centre",2014,"August 2014",Policymakers,"Author(s): Brian JOHNSON","Impact of satellite Earth observation on global forest policy (and vice-versa): Some preliminary analysis",,"PEOIC Workshop: Quantitative methods for assessing the impact of satellite observations on environmental policy",,,"Institute for Global Environmental Strategies",,,English,"This presentation discusses the impact of Earth Observation (EO) on the deforestation-/forest",,,,"09/12/2022 - 17:10",https://www.iges.or.jp/en/pub/impact-satellite-earth-observation-global/en
4229,"Data or Tool",,"Green Economy Pathways","Integrated Sustainability Centre",2014,"May 2014","Academic / research communities","Author(s): Brian JOHNSON","""Urban Land Cover"" Machine learning data base",,"UCI Machine Learning Repository",,,"Institute for Global Environmental Strategies","University of California, Irvine",,English,"A data base used for automated mapping of urban land cover (trees, grass, soil, concrete,",http://archive.ics.uci.edu/ml/datasets/Urban+Land+Cover,,Worldwide,"09/12/2022 - 17:10",https://www.iges.or.jp/en/pub/urban-land-cover-machine-learning-data-base/en
4212,"Working Paper",,"Sustainable Transitions","Strategic Management Office",2013,"April 2014","Academic / research communities","Author(s): Brian JOHNSON","Mapping IGES Research Activities: Creating a visual, web-based map of where IGES is conducting its research activities around the globe","IGES Internal Discussion Papers - PMO Capacity Development and Knowledge Management",,"no. 3",6,"Institute for Global Environmental Strategies","Institute for Global Environmental Strategies",,English,"During FY2013, PMO Knowledge Management undertook a study and pilot work to consider options for",,,,"09/12/2022 - 17:10",https://www.iges.or.jp/en/pub/mapping-iges-research-activities-creating/en
3738,"Conference Paper",,,"Integrated Sustainability Centre",2013,"November 2013","Academic / research communities","Author(s): Brian JOHNSON","A trend-based fusion method for pansharpening Landsat 8 imagery: Case study for Japan and Thailand",,"The 55th Autumn Conference of the Remote Sensing Society of Japan",,,RSSJ,,,English,"A new pansharpening method was developed and applied to Landsat 8’s multispectral image bands.",,,"Japan, Thailand","09/12/2022 - 17:10",https://www.iges.or.jp/en/pub/trend-based-fusion-method-pansharpening/en
3860,"Peer-reviewed Article",,"Forests, Green Economy Pathways","Biodiversity & Forests, Integrated Sustainability Centre",2013,"April 2014","Academic / research communities","Author(s): Brian JOHNSON","Effects of Pansharpening on Vegetation Indices",,"ISPRS International Journal of Geo-Information","3 (2)",507-522,"Institute for Global Environmental Strategies","MDPI, International Society for Photogrammetry and Remote Sensing",,English,"This study evaluated the effects of image pansharpening on Vegetation Indices (VIs) in an",http://www.mdpi.com/2220-9964/3/2/507,,Thailand,"09/12/2022 - 17:10",https://www.iges.or.jp/en/pub/effects-pansharpening-vegetation-indices/en
3710,"Peer-reviewed Article",,,"Integrated Sustainability Centre",2013,"September 2013","Academic / research communities","Author(s): Brian JOHNSON, Zhixiao Xie","Classifying a high resolution image of an urban area using super-object information",,"ISPRS Journal of Photogrammetry and Remote Sensing",83,40-49,"Elsevier B.V.","Elsevier B.V.",,English,"In this study, a multi-scale approach was used for mapping land cover in a high resolution image",http://www.sciencedirect.com/science/article/pii/S0924271613001366,,,"09/12/2022 - 17:11",https://www.iges.or.jp/en/pub/classifying-high-resolution-image-urban-area/en
3709,"Peer-reviewed Article",,,"Integrated Sustainability Centre",2013,"June 2013","Academic / research communities","Author(s): Brian JOHNSON, Ryutaro Tateishi, Hoan, Nguyen Thanh","A hybrid pansharpening approach and multiscale object-based image analysis for mapping diseased pine and oak trees",,"International Journal of Remote Sensing","34 (20)",6969-6982,"Taylor & Francis Group","Taylor & Francis Group",,English,"We developed a multiscale object-based classification method for detecting diseased
trees (",http://www.tandfonline.com/doi/abs/10.1080/01431161.2013.810825#.Um4DN3Cnqld,,Japan,"09/12/2022 - 17:11",https://www.iges.or.jp/en/pub/hybrid-pansharpening-approach-and-multiscale/en
3992,"Commissioned Report",,"Market Mechanisms, Forests","Climate and Energy, Biodiversity & Forests",2013,"March 2014",Policymakers,"Author(s): Makino YAMANOSHITA, Taiji  FUJISAKI, Jintana KAWASAKI, Simon  GILBY, Brian JOHNSON",二国間オフセット・クレジット制度の構築に係る途上国等人材支援委託業務報告書　3/3,,,,,"Ministry of the Environment Japan",,,Japanese,,,,,"09/12/2022 - 17:11",https://www.iges.or.jp/jp/pub/%E4%BA%8C%E5%9B%BD%E9%96%93%E3%82%AA%E3%83%95%E3%82%BB%E3%83%83%E3%83%88%E3%83%BB%E3%82%AF%E3%83%AC%E3%82%B8%E3%83%83%E3%83%88%E5%88%B6%E5%BA%A6%E3%81%AE%E6%A7%8B%E7%AF%89%E3%81%AB%E4%BF%82%E3%82%8B%E9%80%94%E4%B8%8A%E5%9B%BD%E7%AD%89%E4%BA%BA%E6%9D%90%E6%94%AF%E6%8F%B4%E5%A7%94%E8%A8%97%E6%A5%AD%E5%8B%99%E5%A0%B1%E5%91%8A%E6%9B%B8%E3%80%8033/ja
3898,"Data or Tool",,"Green Economy Pathways, Sustainable Transitions","Integrated Sustainability Centre, Strategic Management Office",2013,"March 2014","Academic / research communities","Author(s): Brian JOHNSON","Machine learning data set for forest monitoring",,"UCI Machine Learning Repository",,,"Institute for Global Environmental Strategies","University of California, Irvine",,English,"Data set for monitoring Japanese forest health using satellite imagery and machine learning",http://archive.ics.uci.edu/ml/,,Japan,"09/12/2022 - 17:11",https://www.iges.or.jp/en/pub/machine-learning-data-set-forest-monitoring/en
3859,"Data or Tool",,"Forests, Green Economy Pathways","Biodiversity & Forests, Integrated Sustainability Centre",2013,"March 2014","Academic / research communities","Author(s): Brian JOHNSON","IGES Remote Sensing Toolbox",,"IGES Remote Sensing Toolbox",,,"Institute for Global Environmental Strategies",,,English,"This is an ArcGIS 10.x toolbox that includes Geographic Information Systems (GIS) tools for",,,Worldwide,"09/12/2022 - 17:11",https://www.iges.or.jp/en/pub/iges-remote-sensing-toolbox/en